ply
format ascii 1.0
element vertex 7400
property float x
property float y
property float z
property uchar red
property uchar green
property uchar blue
end_header
1.60000 -0.02058 -0.33396 194 12 5
-1.60000 -0.04430 -0.37146 194 12 5
-1.53867 0.00000 -1.17596 194 12 5
1.54531 -0.06000 -0.88537 194 12 5
-0.17630 -0.04902 1.60000 194 12 5
0.32851 -0.02560 -1.60000 194 12 5
1.60000 -0.01698 -1.09522 194 12 5
-1.60000 -0.00460 0.13637 194 12 5
-0.64535 0.00000 -1.22488 194 12 5
0.98674 -0.06000 0.29823 194 12 5
0.54480 -0.03242 1.60000 194 12 5
0.19626 -0.02358 -1.60000 194 12 5
1.60000 -0.05753 -1.27292 194 12 5
-1.60000 -0.05964 -0.65109 194 12 5
-0.86232 0.00000 -0.36300 194 12 5
0.53437 -0.06000 0.75664 194 12 5
1.00538 -0.03341 1.60000 194 12 5
1.13222 -0.05009 -1.60000 194 12 5
1.60000 -0.04916 0.80242 194 12 5
-1.60000 -0.00847 1.00343 194 12 5
1.29341 0.00000 0.61590 194 12 5
-1.00887 -0.06000 0.20528 194 12 5
-0.67128 -0.05105 1.60000 194 12 5
1.17914 -0.02355 -1.60000 194 12 5
1.60000 -0.05280 -1.04565 194 12 5
-1.60000 -0.05828 -1.48080 194 12 5
1.55298 0.00000 -1.53459 194 12 5
0.08069 -0.06000 0.28860 194 12 5
-1.54003 -0.03155 1.60000 194 12 5
1.22283 -0.02667 -1.60000 194 12 5
1.60000 -0.02337 0.57273 194 12 5
-1.60000 -0.05422 0.91655 194 12 5
1.27404 0.00000 0.10437 194 12 5
-1.17742 -0.06000 0.93594 194 12 5
-0.30563 -0.04615 1.60000 194 12 5
1.09061 -0.00603 -1.60000 194 12 5
1.60000 -0.01180 -1.33686 194 12 5
-1.60000 -0.01955 0.46009 194 12 5
0.25941 0.00000 -0.55147 194 12 5
-0.33179 -0.06000 -0.63071 194 12 5
0.85132 -0.02752 1.60000 194 12 5
0.84683 -0.00126 -1.60000 194 12 5
1.60000 -0.03983 -0.73632 194 12 5
-1.60000 -0.00055 -1.32744 194 12 5
-0.19122 0.00000 -1.56942 194 12 5
1.12247 -0.06000 1.52862 194 12 5
0.84591 -0.01294 1.60000 194 12 5
-0.77507 -0.00780 -1.60000 194 12 5
1.60000 -0.05759 0.81774 194 12 5
-1.60000 -0.05728 0.75516 194 12 5
-1.16432 0.00000 0.70242 194 12 5
-0.01827 -0.06000 -0.70358 194 12 5
1.28509 -0.03276 1.60000 194 12 5
-0.87264 -0.02573 -1.60000 194 12 5
1.60000 -0.05213 -0.49692 194 12 5
-1.60000 -0.04963 -1.24233 194 12 5
1.46484 0.00000 -1.06003 194 12 5
0.46069 -0.06000 1.23930 194 12 5
0.81845 -0.03253 1.60000 194 12 5
-0.97400 -0.04133 -1.60000 194 12 5
1.60000 -0.03521 -0.73802 194 12 5
-1.60000 -0.00841 -1.35980 194 12 5
1.02388 0.00000 0.08184 194 12 5
-0.84421 -0.06000 -0.85141 194 12 5
-1.32999 -0.03376 1.60000 194 12 5
1.39281 -0.04672 -1.60000 194 12 5
1.60000 -0.04637 -1.45545 194 12 5
-1.60000 -0.01699 0.51045 194 12 5
0.10117 0.00000 0.00735 194 12 5
-0.29300 -0.06000 1.22140 194 12 5
0.83518 -0.02454 1.60000 194 12 5
-0.75371 -0.00019 -1.60000 194 12 5
1.60000 -0.01430 -1.14066 194 12 5
-1.60000 -0.00972 -1.17307 194 12 5
1.58777 0.00000 -0.34059 194 12 5
0.62174 -0.06000 0.59861 194 12 5
0.34975 -0.05880 1.60000 194 12 5
0.49986 -0.01395 -1.60000 194 12 5
1.60000 -0.03629 -0.42603 194 12 5
-1.60000 -0.04705 -0.90194 194 12 5
0.42810 0.00000 -0.03020 194 12 5
-0.91343 -0.06000 0.55192 194 12 5
-1.36630 -0.00998 1.60000 194 12 5
-0.83545 -0.04462 -1.60000 194 12 5
1.60000 -0.02089 1.29627 194 12 5
-1.60000 -0.03384 0.49498 194 12 5
-0.59761 0.00000 -0.42909 194 12 5
-0.77275 -0.06000 -1.42501 194 12 5
1.34103 -0.03148 1.60000 194 12 5
0.44192 -0.03150 -1.60000 194 12 5
1.60000 -0.01913 1.54789 194 12 5
-1.60000 -0.03404 -0.54900 194 12 5
0.48974 0.00000 -0.85262 194 12 5
1.51436 -0.06000 0.00516 194 12 5
1.14252 -0.03761 1.60000 194 12 5
-0.37394 -0.01371 -1.60000 194 12 5
1.60000 -0.00032 -0.73550 194 12 5
-1.60000 -0.00785 -0.35629 194 12 5
0.95573 0.00000 -0.68734 194 12 5
-0.02962 -0.06000 -0.71603 194 12 5
-1.46911 -0.04645 1.60000 194 12 5
-0.99042 -0.01337 -1.60000 194 12 5
1.60000 -0.05498 -0.39913 194 12 5
-1.60000 -0.04183 0.60541 194 12 5
-0.04440 0.00000 -0.39931 194 12 5
-0.61177 -0.06000 0.51373 194 12 5
1.25185 -0.05059 1.60000 194 12 5
0.65329 -0.05337 -1.60000 194 12 5
1.60000 -0.03684 0.06729 194 12 5
-1.60000 -0.00674 0.32919 194 12 5
-0.97570 0.00000 -0.77916 194 12 5
1.20336 -0.06000 -0.90442 194 12 5
-0.39764 -0.04008 1.60000 194 12 5
1.27713 -0.01052 -1.60000 194 12 5
1.60000 -0.02203 1.56009 194 12 5
-1.60000 -0.00619 -1.00688 194 12 5
-0.50395 0.00000 0.76246 194 12 5
-0.23398 -0.06000 -0.82337 194 12 5
0.58970 -0.05158 1.60000 194 12 5
0.68367 -0.03550 -1.60000 194 12 5
1.60000 -0.05236 1.17373 194 12 5
-1.60000 -0.04877 0.73259 194 12 5
-0.34128 0.00000 1.19442 194 12 5
-0.10856 -0.06000 0.12255 194 12 5
1.15190 -0.04402 1.60000 194 12 5
-0.55469 -0.03527 -1.60000 194 12 5
1.60000 -0.05280 -0.94954 194 12 5
-1.60000 -0.05563 0.19198 194 12 5
-0.57485 0.00000 -0.29656 194 12 5
-0.07913 -0.06000 -1.23249 194 12 5
-0.57166 -0.01245 1.60000 194 12 5
-0.98171 -0.02310 -1.60000 194 12 5
1.60000 -0.03884 -1.03803 194 12 5
-1.60000 -0.04209 1.32470 194 12 5
-0.28651 0.00000 -1.32968 194 12 5
0.43316 -0.06000 -0.28963 194 12 5
1.37398 -0.01864 1.60000 194 12 5
-0.06425 -0.00053 -1.60000 194 12 5
1.60000 -0.03392 -1.14051 194 12 5
-1.60000 -0.01953 -1.39329 194 12 5
0.67821 0.00000 0.69185 194 12 5
1.19071 -0.06000 0.47229 194 12 5
1.02129 -0.05728 1.60000 194 12 5
1.42473 -0.03468 -1.60000 194 12 5
1.60000 -0.04391 -0.83132 194 12 5
-1.60000 -0.03581 -0.14317 194 12 5
-0.99612 0.00000 -0.12326 194 12 5
0.08851 -0.06000 -1.58660 194 12 5
-0.70196 -0.05227 1.60000 194 12 5
0.23837 -0.05958 -1.60000 194 12 5
1.60000 -0.05538 0.21437 194 12 5
-1.60000 -0.02463 -1.45598 194 12 5
-0.38519 0.00000 0.87057 194 12 5
0.03004 -0.06000 -1.34857 194 12 5
-1.08496 -0.05302 1.60000 194 12 5
0.92316 -0.02992 -1.60000 194 12 5
1.60000 -0.04934 -1.55246 194 12 5
-1.60000 -0.05103 -0.88361 194 12 5
0.51737 0.00000 -1.05840 194 12 5
-1.11322 -0.06000 -1.32417 194 12 5
-0.68481 -0.01303 1.60000 194 12 5
-0.62764 -0.03593 -1.60000 194 12 5
1.60000 -0.01970 -0.48890 194 12 5
-1.60000 -0.04037 -0.33818 194 12 5
1.20117 0.00000 -0.74983 194 12 5
0.79618 -0.06000 -1.14922 194 12 5
1.41449 -0.04087 1.60000 194 12 5
0.10880 -0.00037 -1.60000 194 12 5
1.60000 -0.02373 0.38162 194 12 5
-1.60000 -0.05367 -0.38758 194 12 5
1.08399 0.00000 -0.42785 194 12 5
-1.48372 -0.06000 0.39684 194 12 5
-0.95390 -0.03353 1.60000 194 12 5
0.76129 -0.00557 -1.60000 194 12 5
1.60000 -0.04913 -1.57218 194 12 5
-1.60000 -0.03738 -1.09356 194 12 5
-0.97236 0.00000 1.10069 194 12 5
0.74221 -0.06000 -1.32555 194 12 5
-1.55750 -0.02524 1.60000 194 12 5
1.06107 -0.05938 -1.60000 194 12 5
1.60000 -0.03382 1.30615 194 12 5
-1.60000 -0.03229 0.05450 194 12 5
-0.27993 0.00000 -0.29229 194 12 5
-0.38794 -0.06000 0.41726 194 12 5
0.59987 -0.03904 1.60000 194 12 5
-0.33672 -0.05798 -1.60000 194 12 5
1.60000 -0.05161 -0.03620 194 12 5
-1.60000 -0.03068 -1.16710 194 12 5
0.71609 0.00000 1.29517 194 12 5
1.37081 -0.06000 0.10309 194 12 5
0.82356 -0.05989 1.60000 194 12 5
-0.95224 -0.02716 -1.60000 194 12 5
1.60000 -0.03605 0.33355 194 12 5
-1.60000 -0.00405 1.13040 194 12 5
-0.20554 0.00000 1.16083 194 12 5
0.53854 -0.06000 -1.13338 194 12 5
-0.96128 -0.00732 1.60000 194 12 5
0.28009 -0.00230 -1.60000 194 12 5
1.60000 -0.02650 1.23001 194 12 5
-1.60000 -0.02878 -0.28615 194 12 5
-0.66730 0.00000 0.84622 194 12 5
0.95321 -0.06000 -1.30400 194 12 5
-0.43697 -0.03221 1.60000 194 12 5
1.39789 -0.02501 -1.60000 194 12 5
1.60000 -0.02810 -1.32174 194 12 5
-1.60000 -0.01961 -0.31902 194 12 5
-0.50216 0.00000 1.06184 194 12 5
-0.14513 -0.06000 -1.55758 194 12 5
0.67254 -0.03524 1.60000 194 12 5
1.00372 -0.02741 -1.60000 194 12 5
1.60000 -0.03659 -0.82286 194 12 5
-1.60000 -0.01984 0.26963 194 12 5
-0.06756 0.00000 -1.04279 194 12 5
-0.40001 -0.06000 0.91602 194 12 5
0.52405 -0.00776 1.60000 194 12 5
1.46348 -0.01127 -1.60000 194 12 5
1.60000 -0.01548 -1.54039 194 12 5
-1.60000 -0.00222 -1.37534 194 12 5
-0.08782 0.00000 -0.00278 194 12 5
-0.20012 -0.06000 1.44079 194 12 5
1.13750 -0.00312 1.60000 194 12 5
-0.33733 -0.04946 -1.60000 194 12 5
1.60000 -0.03378 -1.50247 194 12 5
-1.60000 -0.02199 -1.29064 194 12 5
-0.22226 0.00000 -1.10159 194 12 5
0.37474 -0.06000 1.20922 194 12 5
-1.22504 -0.04432 1.60000 194 12 5
0.56694 -0.05500 -1.60000 194 12 5
1.60000 -0.00114 -0.36786 194 12 5
-1.60000 -0.03662 1.51736 194 12 5
-1.12026 0.00000 -0.12283 194 12 5
-0.96678 -0.06000 0.03653 194 12 5
-0.09368 -0.04420 1.60000 194 12 5
-1.26282 -0.03671 -1.60000 194 12 5
1.60000 -0.01413 0.44390 194 12 5
-1.60000 -0.00292 0.50706 194 12 5
0.80305 0.00000 -0.14209 194 12 5
0.66647 -0.06000 -0.90035 194 12 5
0.54242 -0.05696 1.60000 194 12 5
1.11321 -0.05657 -1.60000 194 12 5
1.60000 -0.04445 -0.40133 194 12 5
-1.60000 -0.00946 1.24187 194 12 5
-1.20241 0.00000 0.18835 194 12 5
-1.36863 -0.06000 -1.52200 194 12 5
1.55301 -0.00152 1.60000 194 12 5
1.25667 -0.03273 -1.60000 194 12 5
1.60000 -0.03003 1.10692 194 12 5
-1.60000 -0.01570 -0.22667 194 12 5
-0.56563 0.00000 -1.35301 194 12 5
0.35045 -0.06000 -0.46681 194 12 5
-0.75087 -0.00601 1.60000 194 12 5
-1.01353 -0.04622 -1.60000 194 12 5
1.60000 -0.00409 0.53553 194 12 5
-1.60000 -0.04696 1.08511 194 12 5
1.35718 0.00000 0.54959 194 12 5
-1.42686 -0.06000 0.64597 194 12 5
-1.05061 -0.04317 1.60000 194 12 5
-0.87961 -0.05242 -1.60000 194 12 5
1.60000 -0.00429 -0.84318 194 12 5
-1.60000 -0.02337 0.91400 194 12 5
0.26846 0.00000 1.28133 194 12 5
1.04119 -0.06000 0.79732 194 12 5
0.30113 -0.05512 1.60000 194 12 5
0.94661 -0.03246 -1.60000 194 12 5
1.60000 -0.04101 -1.15042 194 12 5
-1.60000 -0.03786 1.02366 194 12 5
0.11313 0.00000 -0.01780 194 12 5
-0.51923 -0.06000 -0.75497 194 12 5
-0.06156 -0.04771 1.60000 194 12 5
-0.65332 -0.04824 -1.60000 194 12 5
1.60000 -0.05623 -0.16066 194 12 5
-1.60000 -0.02353 -0.71282 194 12 5
-0.99251 0.00000 -1.57596 194 12 5
1.14340 -0.06000 1.45675 194 12 5
0.84027 -0.03187 1.60000 194 12 5
-0.01447 -0.03000 -1.60000 194 12 5
1.60000 -0.02878 -1.19977 194 12 5
-1.60000 -0.05281 -0.48413 194 12 5
1.14052 0.00000 0.95415 194 12 5
-1.15608 -0.06000 1.25958 194 12 5
1.11072 -0.05866 1.60000 194 12 5
-0.36475 -0.02351 -1.60000 194 12 5
1.60000 -0.00177 0.72464 194 12 5
-1.60000 -0.04486 -1.22178 194 12 5
0.73059 0.00000 1.09238 194 12 5
0.90649 -0.06000 -0.84720 194 12 5
0.10546 -0.03545 1.60000 194 12 5
-0.14192 -0.05176 -1.60000 194 12 5
1.60000 -0.00712 0.13623 194 12 5
-1.60000 -0.04099 1.32068 194 12 5
-0.17779 0.00000 0.75682 194 12 5
1.33093 -0.06000 0.62896 194 12 5
0.58422 -0.01078 1.60000 194 12 5
-0.66757 -0.03835 -1.60000 194 12 5
1.60000 -0.00378 -0.82674 194 12 5
-1.60000 -0.04702 -0.48126 194 12 5
1.22742 0.00000 1.07101 194 12 5
-1.41876 -0.06000 -0.68441 194 12 5
1.48662 -0.00088 1.60000 194 12 5
0.41062 -0.01216 -1.60000 194 12 5
1.60000 -0.03890 0.80925 194 12 5
-1.60000 -0.00491 -0.65983 194 12 5
-1.44784 0.00000 1.52660 194 12 5
-0.96024 -0.06000 -0.74076 194 12 5
0.90106 -0.03205 1.60000 194 12 5
-1.49541 -0.00629 -1.60000 194 12 5
1.60000 -0.03473 0.99425 194 12 5
-1.60000 -0.00994 0.35781 194 12 5
-0.50777 0.00000 0.81847 194 12 5
-0.81036 -0.06000 -0.15701 194 12 5
1.58973 -0.04251 1.60000 194 12 5
-0.54668 -0.03603 -1.60000 194 12 5
1.60000 -0.03621 0.80362 194 12 5
-1.60000 -0.00247 1.19040 194 12 5
1.51426 0.00000 1.01340 194 12 5
0.47256 -0.06000 -0.43629 194 12 5
0.75048 -0.04179 1.60000 194 12 5
-0.92565 -0.01402 -1.60000 194 12 5
1.60000 -0.00266 1.43799 194 12 5
-1.60000 -0.02088 0.75138 194 12 5
1.12087 0.00000 1.04131 194 12 5
-0.33513 -0.06000 0.55011 194 12 5
0.59954 -0.03077 1.60000 194 12 5
-1.01807 -0.02918 -1.60000 194 12 5
1.60000 -0.02473 -0.45323 194 12 5
-1.60000 -0.04651 0.68261 194 12 5
-0.10027 0.00000 0.69448 194 12 5
1.37680 -0.06000 1.05161 194 12 5
-0.20037 -0.04868 1.60000 194 12 5
-1.17714 -0.01609 -1.60000 194 12 5
1.60000 -0.01929 -1.09452 194 12 5
-1.60000 -0.02387 1.17503 194 12 5
-0.27516 0.00000 0.37444 194 12 5
1.49159 -0.06000 1.29849 194 12 5
-0.82025 -0.00983 1.60000 194 12 5
-0.34592 -0.04931 -1.60000 194 12 5
1.60000 -0.00912 0.66785 194 12 5
-1.60000 -0.02347 -0.12469 194 12 5
0.30865 0.00000 -0.39483 194 12 5
-0.59915 -0.06000 1.38432 194 12 5
-0.29296 -0.03932 1.60000 194 12 5
0.08940 -0.02834 -1.60000 194 12 5
1.60000 -0.02327 1.39398 194 12 5
-1.60000 -0.01815 0.05305 194 12 5
0.88790 0.00000 1.02929 194 12 5
1.31266 -0.06000 -0.54613 194 12 5
0.20434 -0.04351 1.60000 194 12 5
1.29352 -0.01535 -1.60000 194 12 5
1.60000 -0.00112 -1.10566 194 12 5
-1.60000 -0.02676 0.31253 194 12 5
-1.17203 0.00000 0.33920 194 12 5
-1.54877 -0.06000 -0.18946 194 12 5
0.27847 -0.04038 1.60000 194 12 5
-1.02131 -0.05293 -1.60000 194 12 5
1.60000 -0.03388 -1.16038 194 12 5
-1.60000 -0.03860 0.06336 194 12 5
0.40688 0.00000 0.71919 194 12 5
-0.43648 -0.06000 -1.49385 194 12 5
-0.04268 -0.05938 1.60000 194 12 5
-0.38346 -0.05855 -1.60000 194 12 5
1.60000 -0.02052 -0.74661 194 12 5
-1.60000 -0.02453 -1.09235 194 12 5
1.50342 0.00000 0.11938 194 12 5
-0.63747 -0.06000 0.59869 194 12 5
-0.62105 -0.00448 1.60000 194 12 5
0.49131 -0.00054 -1.60000 194 12 5
1.60000 -0.00716 -0.90136 194 12 5
-1.60000 -0.02985 -0.61469 194 12 5
-0.33699 0.00000 -1.52433 194 12 5
1.49081 -0.06000 0.30398 194 12 5
-0.12611 -0.01977 1.60000 194 12 5
-0.72979 -0.05007 -1.60000 194 12 5
1.60000 -0.02807 -1.35223 194 12 5
-1.60000 -0.05144 -1.14416 194 12 5
1.26817 0.00000 0.28175 194 12 5
-1.23426 -0.06000 0.49172 194 12 5
-0.35654 -0.05753 1.60000 194 12 5
0.37570 -0.01090 -1.60000 194 12 5
1.60000 -0.02477 -1.11108 194 12 5
-1.60000 -0.03458 -1.46686 194 12 5
0.66199 0.00000 1.20323 194 12 5
-0.20339 -0.06000 -1.56569 194 12 5
-0.58408 -0.03668 1.60000 194 12 5
1.40685 -0.01060 -1.60000 194 12 5
1.60000 -0.04517 -0.95270 194 12 5
-1.60000 -0.00673 -0.52180 194 12 5
0.48403 0.00000 -0.24250 194 12 5
-0.38118 -0.06000 0.69826 194 12 5
-0.71994 -0.00063 1.60000 194 12 5
-0.87417 -0.03136 -1.60000 194 12 5
1.60000 -0.03733 -0.85280 194 12 5
-1.60000 -0.02762 -1.00697 194 12 5
-0.35867 0.00000 -0.88958 194 12 5
0.31496 -0.06000 -0.51235 194 12 5
-0.37080 -0.04246 1.60000 194 12 5
1.02013 -0.01334 -1.60000 194 12 5
1.60000 -0.03539 1.43405 194 12 5
-1.60000 -0.00614 0.91746 194 12 5
1.00814 0.00000 0.28042 194 12 5
0.58564 -0.06000 1.04907 194 12 5
0.88030 -0.00622 1.60000 194 12 5
-1.55555 -0.02576 -1.60000 194 12 5
1.60000 -0.01278 0.96270 194 12 5
-1.60000 -0.00827 -1.16953 194 12 5
-0.78940 0.00000 -1.41846 194 12 5
-1.37532 -0.06000 1.29707 194 12 5
0.46237 -0.04655 1.60000 194 12 5
0.00077 -0.01145 -1.60000 194 12 5
1.60000 -0.05804 -1.10654 194 12 5
-1.60000 -0.02637 -0.86755 194 12 5
1.05861 0.00000 -0.16574 194 12 5
-1.06139 -0.06000 0.33826 194 12 5
-0.90882 -0.05943 1.60000 194 12 5
0.73092 -0.02540 -1.60000 194 12 5
1.60000 -0.00085 0.77872 194 12 5
-1.60000 -0.00450 -0.45155 194 12 5
-0.38832 0.00000 0.67982 194 12 5
-1.17026 -0.06000 0.39975 194 12 5
0.30494 -0.01562 1.60000 194 12 5
0.20764 -0.02931 -1.60000 194 12 5
1.60000 -0.02715 0.88268 194 12 5
-1.60000 -0.02829 -0.35750 194 12 5
1.23771 0.00000 0.67050 194 12 5
1.34460 -0.06000 1.59095 194 12 5
-0.68754 -0.01585 1.60000 194 12 5
-0.44940 -0.03190 -1.60000 194 12 5
1.60000 -0.00690 -0.48560 194 12 5
-1.60000 -0.00892 0.23552 194 12 5
0.70676 0.00000 0.16188 194 12 5
-0.71325 -0.06000 0.34236 194 12 5
0.65166 -0.03239 1.60000 194 12 5
-1.47847 -0.00293 -1.60000 194 12 5
1.60000 -0.01509 1.21713 194 12 5
-1.60000 -0.05072 0.75544 194 12 5
0.38903 0.00000 0.90235 194 12 5
1.13989 -0.06000 -1.46291 194 12 5
-0.35891 -0.05661 1.60000 194 12 5
-0.20408 -0.00093 -1.60000 194 12 5
1.60000 -0.04901 0.82274 194 12 5
-1.60000 -0.04006 0.87064 194 12 5
-0.86346 0.00000 -1.57311 194 12 5
-0.97266 -0.06000 -1.26497 194 12 5
-0.11286 -0.05567 1.60000 194 12 5
-0.48704 -0.03360 -1.60000 194 12 5
1.60000 -0.04096 -0.76865 194 12 5
-1.60000 -0.04380 -0.12571 194 12 5
0.85764 0.00000 1.01101 194 12 5
0.99622 -0.06000 0.42738 194 12 5
-0.52276 -0.05688 1.60000 194 12 5
0.58158 -0.00767 -1.60000 194 12 5
1.60000 -0.01924 0.75018 194 12 5
-1.60000 -0.01385 -0.58668 194 12 5
0.33697 0.00000 0.82769 194 12 5
0.21195 -0.06000 1.37232 194 12 5
-0.20132 -0.05575 1.60000 194 12 5
0.17373 -0.05711 -1.60000 194 12 5
1.60000 -0.01970 1.16793 194 12 5
-1.60000 -0.03871 0.17481 194 12 5
0.70488 0.00000 0.31021 194 12 5
-1.09376 -0.06000 -1.23915 194 12 5
-0.27876 -0.03194 1.60000 194 12 5
0.43972 -0.02951 -1.60000 194 12 5
1.60000 -0.05418 -1.34947 194 12 5
-1.60000 -0.02385 1.28592 194 12 5
-0.53227 0.00000 0.24869 194 12 5
0.42997 -0.06000 0.46205 194 12 5
-0.41644 -0.02849 1.60000 194 12 5
1.18906 -0.02654 -1.60000 194 12 5
1.60000 -0.01652 -0.15922 194 12 5
-1.60000 -0.01752 0.53428 194 12 5
1.56951 0.00000 1.25360 194 12 5
0.57177 -0.06000 0.30819 194 12 5
0.00399 -0.01647 1.60000 194 12 5
0.44402 -0.00695 -1.60000 194 12 5
1.60000 -0.04783 -1.51421 194 12 5
-1.60000 -0.00602 1.02181 194 12 5
-0.52894 0.00000 -0.54776 194 12 5
-1.26936 -0.06000 -0.09462 194 12 5
-1.19979 -0.03870 1.60000 194 12 5
1.14744 -0.00011 -1.60000 194 12 5
1.60000 -0.03361 0.62570 194 12 5
-1.60000 -0.03238 -0.19990 194 12 5
-0.82832 0.00000 -1.31626 194 12 5
-0.39203 -0.06000 0.82234 194 12 5
-0.55560 -0.04249 1.60000 194 12 5
1.20598 -0.02758 -1.60000 194 12 5
1.60000 -0.04755 -1.26280 194 12 5
-1.60000 -0.04515 1.49997 194 12 5
1.13398 0.00000 0.85531 194 12 5
0.56397 -0.06000 1.48062 194 12 5
-0.05064 -0.03001 1.60000 194 12 5
1.06108 -0.04667 -1.60000 194 12 5
1.60000 -0.05030 0.49099 194 12 5
-1.60000 -0.00129 -1.37541 194 12 5
-0.60957 0.00000 -0.55629 194 12 5
-1.16232 -0.06000 0.05871 194 12 5
0.00037 -0.05931 1.60000 194 12 5
-1.39003 -0.04398 -1.60000 194 12 5
1.60000 -0.00059 -0.10351 194 12 5
-1.60000 -0.03717 0.78465 194 12 5
-0.61376 0.00000 -0.83972 194 12 5
0.89605 -0.06000 1.17394 194 12 5
-1.53571 -0.03297 1.60000 194 12 5
-0.45969 -0.01829 -1.60000 194 12 5
1.60000 -0.03763 -1.01427 194 12 5
-1.60000 -0.01685 -1.32005 194 12 5
-0.96751 0.00000 0.20492 194 12 5
1.33075 -0.06000 0.91218 194 12 5
0.37805 -0.01122 1.60000 194 12 5
-1.50159 -0.00265 -1.60000 194 12 5
1.60000 -0.00288 0.31164 194 12 5
-1.60000 -0.05094 0.72569 194 12 5
-0.67786 0.00000 0.68517 194 12 5
-0.72348 -0.06000 0.23450 194 12 5
1.42368 -0.04104 1.60000 194 12 5
1.53231 -0.00589 -1.60000 194 12 5
1.60000 -0.00012 0.10867 194 12 5
-1.60000 -0.03232 0.93169 194 12 5
0.88471 0.00000 0.36262 194 12 5
0.81535 -0.06000 0.21012 194 12 5
0.86143 -0.01663 1.60000 194 12 5
0.42688 -0.01679 -1.60000 194 12 5
1.60000 -0.04511 -0.63943 194 12 5
-1.60000 -0.04807 0.52739 194 12 5
0.84223 0.00000 -1.22021 194 12 5
1.08526 -0.06000 1.04871 194 12 5
0.71214 -0.02105 1.60000 194 12 5
-0.95704 -0.02942 -1.60000 194 12 5
1.60000 -0.01045 1.54809 194 12 5
-1.60000 -0.01331 -0.87111 194 12 5
-1.37102 0.00000 0.25654 194 12 5
-1.59383 -0.06000 -0.99655 194 12 5
-0.59174 -0.05987 1.60000 194 12 5
0.53437 -0.04989 -1.60000 194 12 5
1.60000 -0.04581 0.32199 194 12 5
-1.60000 -0.03739 1.35400 194 12 5
1.09435 0.00000 0.89688 194 12 5
-1.34800 -0.06000 -1.36658 194 12 5
1.34232 -0.03112 1.60000 194 12 5
1.17345 -0.00754 -1.60000 194 12 5
1.60000 -0.05129 1.28280 194 12 5
-1.60000 -0.05545 0.13511 194 12 5
-0.58504 0.00000 -0.77903 194 12 5
0.33709 -0.06000 0.18598 194 12 5
1.05119 -0.00074 1.60000 194 12 5
1.29287 -0.02767 -1.60000 194 12 5
1.60000 -0.04798 -1.13598 194 12 5
-1.60000 -0.00493 1.20751 194 12 5
-0.17039 0.00000 1.39547 194 12 5
-0.13240 -0.06000 0.64876 194 12 5
-1.55754 -0.04294 1.60000 194 12 5
-1.03069 -0.00875 -1.60000 194 12 5
1.60000 -0.04956 -0.84456 194 12 5
-1.60000 -0.05802 -0.78526 194 12 5
-1.49209 0.00000 -1.41394 194 12 5
-0.38695 -0.06000 1.37489 194 12 5
1.16140 -0.03670 1.60000 194 12 5
-1.25953 -0.04006 -1.60000 194 12 5
1.60000 -0.02396 -1.28773 194 12 5
-1.60000 -0.02078 -0.85029 194 12 5
0.07977 0.00000 0.84630 194 12 5
1.17157 -0.06000 -0.99552 194 12 5
0.16672 -0.03180 1.60000 194 12 5
-0.07321 -0.03621 -1.60000 194 12 5
1.60000 -0.02415 -0.76101 194 12 5
-1.60000 -0.00995 1.05554 194 12 5
1.29091 0.00000 1.15598 194 12 5
-1.08206 -0.06000 -0.74319 194 12 5
1.00033 -0.03138 1.60000 194 12 5
0.93117 -0.01219 -1.60000 194 12 5
1.60000 -0.01370 1.17884 194 12 5
-1.60000 -0.01877 -0.82045 194 12 5
0.66235 0.00000 0.54695 194 12 5
1.30390 -0.06000 0.45823 194 12 5
-1.42376 -0.03614 1.60000 194 12 5
-1.20216 -0.01938 -1.60000 194 12 5
1.60000 -0.02071 0.66759 194 12 5
-1.60000 -0.04692 -1.13610 194 12 5
1.49177 0.00000 0.93541 194 12 5
0.97653 -0.06000 0.57079 194 12 5
-0.14693 -0.00885 1.60000 194 12 5
-0.00993 -0.00211 -1.60000 194 12 5
1.60000 -0.04064 0.52695 194 12 5
-1.60000 -0.00792 0.46977 194 12 5
0.47096 0.00000 0.55317 194 12 5
1.36609 -0.06000 -0.37814 194 12 5
-0.05308 -0.00897 1.60000 194 12 5
0.15322 -0.00352 -1.60000 194 12 5
1.60000 -0.02942 1.38241 194 12 5
-1.60000 -0.03237 -0.65969 194 12 5
0.88316 0.00000 -0.73302 194 12 5
-1.56412 -0.06000 0.73566 194 12 5
-1.28055 -0.00885 1.60000 194 12 5
-0.01144 -0.00555 -1.60000 194 12 5
1.60000 -0.04796 1.17301 194 12 5
-1.60000 -0.00596 0.04087 194 12 5
-1.42639 0.00000 -0.22539 194 12 5
-0.14951 -0.06000 -0.44755 194 12 5
-0.28733 -0.04149 1.60000 194 12 5
0.77088 -0.03281 -1.60000 194 12 5
1.60000 -0.00849 1.20859 194 12 5
-1.60000 -0.04230 1.04303 194 12 5
0.09007 0.00000 1.26933 194 12 5
-0.91533 -0.06000 0.67893 194 12 5
0.26245 -0.05795 1.60000 194 12 5
-0.55707 -0.01455 -1.60000 194 12 5
1.60000 -0.00105 -1.11963 194 12 5
-1.60000 -0.04261 -0.36406 194 12 5
-0.72657 0.00000 -1.59974 194 12 5
0.60338 -0.06000 0.72972 194 12 5
-0.07196 -0.03955 1.60000 194 12 5
-0.49235 -0.01113 -1.60000 194 12 5
1.60000 -0.02138 -1.34140 194 12 5
-1.60000 -0.05099 -1.17895 194 12 5
-0.84133 0.00000 -1.15595 194 12 5
1.07297 -0.06000 1.08754 194 12 5
0.48054 -0.02162 1.60000 194 12 5
-0.96116 -0.02369 -1.60000 194 12 5
1.60000 -0.03076 -1.31105 194 12 5
-1.60000 -0.05192 0.45676 194 12 5
-0.36790 0.00000 0.38013 194 12 5
1.04733 -0.06000 -0.66821 194 12 5
0.09427 -0.05809 1.60000 194 12 5
-0.49593 -0.03436 -1.60000 194 12 5
1.60000 -0.01516 1.29216 194 12 5
-1.60000 -0.04322 -1.54413 194 12 5
-1.30173 0.00000 1.08120 194 12 5
-0.49850 -0.06000 -1.08940 194 12 5
-1.54362 -0.01083 1.60000 194 12 5
0.31914 -0.03039 -1.60000 194 12 5
1.60000 -0.03249 -1.45855 194 12 5
-1.60000 -0.02007 1.18797 194 12 5
0.42009 0.00000 0.81271 194 12 5
1.14653 -0.06000 0.56389 194 12 5
-0.86917 -0.03915 1.60000 194 12 5
-0.79718 -0.02346 -1.60000 194 12 5
1.60000 -0.02199 -1.49441 194 12 5
-1.60000 -0.02208 1.18624 194 12 5
0.74063 0.00000 -0.44762 194 12 5
-0.30840 -0.06000 -0.87353 194 12 5
-0.12329 -0.03500 1.60000 194 12 5
-1.03725 -0.00862 -1.60000 194 12 5
1.60000 -0.00821 -0.74463 194 12 5
-1.60000 -0.01375 1.11994 194 12 5
1.33032 0.00000 1.03997 194 12 5
0.97041 -0.06000 -0.01666 194 12 5
-1.36270 -0.00530 1.60000 194 12 5
1.37734 -0.00066 -1.60000 194 12 5
1.60000 -0.05038 -1.46398 194 12 5
-1.60000 -0.00231 1.16975 194 12 5
-1.11958 0.00000 0.09700 194 12 5
0.34617 -0.06000 0.59356 194 12 5
-0.23341 -0.05549 1.60000 194 12 5
0.51539 -0.02711 -1.60000 194 12 5
1.60000 -0.01770 -0.45043 194 12 5
-1.60000 -0.03981 1.33380 194 12 5
-0.13775 0.00000 -0.12289 194 12 5
0.36540 -0.06000 1.35188 194 12 5
-0.89410 -0.05417 1.60000 194 12 5
0.50342 -0.02006 -1.60000 194 12 5
1.60000 -0.04606 -0.44894 194 12 5
-1.60000 -0.00716 -1.59505 194 12 5
1.01919 0.00000 1.38288 194 12 5
-0.86158 -0.06000 0.62013 194 12 5
0.37212 -0.05573 1.60000 194 12 5
1.35767 -0.01440 -1.60000 194 12 5
1.60000 -0.01890 0.20520 194 12 5
-1.60000 -0.05597 -1.57086 194 12 5
0.96590 0.00000 0.95809 194 12 5
-0.50954 -0.06000 -1.32633 194 12 5
-0.78121 -0.02445 1.60000 194 12 5
-0.18799 -0.05618 -1.60000 194 12 5
1.60000 -0.03287 -1.28026 194 12 5
-1.60000 -0.01881 0.43264 194 12 5
0.84070 0.00000 -0.30133 194 12 5
-1.58408 -0.06000 -0.98043 194 12 5
-0.85396 -0.02101 1.60000 194 12 5
1.36279 -0.03737 -1.60000 194 12 5
1.60000 -0.00047 0.48929 194 12 5
-1.60000 -0.02023 0.60029 194 12 5
1.36580 0.00000 1.46456 194 12 5
-1.49457 -0.06000 -1.28752 194 12 5
0.32938 -0.00921 1.60000 194 12 5
1.10127 -0.03816 -1.60000 194 12 5
1.60000 -0.03436 -1.34042 194 12 5
-1.60000 -0.01365 0.11745 194 12 5
-0.79835 0.00000 -0.86403 194 12 5
-0.28278 -0.06000 1.49480 194 12 5
-0.63046 -0.03012 1.60000 194 12 5
0.71965 -0.02453 -1.60000 194 12 5
1.60000 -0.00679 0.09325 194 12 5
-1.60000 -0.04607 -1.17270 194 12 5
1.41343 0.00000 -1.43008 194 12 5
-1.38688 -0.06000 -1.11712 194 12 5
-0.42344 -0.01364 1.60000 194 12 5
0.99857 -0.05250 -1.60000 194 12 5
1.60000 -0.00183 -0.50280 194 12 5
-1.60000 -0.05374 0.17911 194 12 5
-0.72237 0.00000 0.64335 194 12 5
0.14114 -0.06000 -1.11137 194 12 5
0.50233 -0.00573 1.60000 194 12 5
0.60935 -0.04855 -1.60000 194 12 5
1.60000 -0.03918 -0.62408 194 12 5
-1.60000 -0.05472 -0.60830 194 12 5
-1.06226 0.00000 -1.22170 194 12 5
-1.04366 -0.06000 1.44379 194 12 5
-0.02115 -0.00748 1.60000 194 12 5
1.59682 -0.05538 -1.60000 194 12 5
1.60000 -0.03382 -0.41939 194 12 5
-1.60000 -0.02843 1.48175 194 12 5
-0.28661 0.00000 -0.80175 194 12 5
-0.77391 -0.06000 0.02367 194 12 5
0.11999 -0.02237 1.60000 194 12 5
-0.41491 -0.05786 -1.60000 194 12 5
1.60000 -0.00024 -0.76848 194 12 5
-1.60000 -0.02105 -0.17824 194 12 5
-0.46339 0.00000 0.63044 194 12 5
-0.84366 -0.06000 0.57259 194 12 5
-0.62803 -0.03182 1.60000 194 12 5
1.04392 -0.01879 -1.60000 194 12 5
1.60000 -0.00038 0.76333 194 12 5
-1.60000 -0.02594 1.38196 194 12 5
-1.20886 0.00000 1.37037 194 12 5
1.55253 -0.06000 0.85729 194 12 5
0.37212 -0.05854 1.60000 194 12 5
1.41376 -0.01005 -1.60000 194 12 5
1.60000 -0.03559 -0.87070 194 12 5
-1.60000 -0.01820 0.42904 194 12 5
1.25236 0.00000 0.83659 194 12 5
1.47131 -0.06000 -1.53500 194 12 5
-1.00291 -0.04770 1.60000 194 12 5
0.62070 -0.02304 -1.60000 194 12 5
1.60000 -0.00241 -0.08139 194 12 5
-1.60000 -0.05099 -0.33811 194 12 5
-1.37564 0.00000 0.12767 194 12 5
-0.99459 -0.06000 -0.80983 194 12 5
-0.65195 -0.02072 1.60000 194 12 5
1.19643 -0.04354 -1.60000 194 12 5
1.60000 -0.05081 -0.74037 194 12 5
-1.60000 -0.03766 -0.18179 194 12 5
-0.90777 0.00000 0.60049 194 12 5
0.29478 -0.06000 0.92265 194 12 5
-0.10347 -0.01139 1.60000 194 12 5
0.20529 -0.05073 -1.60000 194 12 5
1.60000 -0.04428 -0.37872 194 12 5
-1.60000 -0.03333 0.48351 194 12 5
1.11479 0.00000 -1.33719 194 12 5
0.91501 -0.06000 -0.04960 194 12 5
1.19220 -0.03957 1.60000 194 12 5
-0.91379 -0.04673 -1.60000 194 12 5
1.60000 -0.00193 1.01884 194 12 5
-1.60000 -0.04692 -1.03964 194 12 5
0.36457 0.00000 0.56537 194 12 5
-1.17756 -0.06000 0.03316 194 12 5
-0.22560 -0.02393 1.60000 194 12 5
0.27105 -0.05157 -1.60000 194 12 5
1.60000 -0.04602 -1.47941 194 12 5
-1.60000 -0.04712 1.50975 194 12 5
-0.28808 0.00000 1.56045 194 12 5
-0.94958 -0.06000 0.59949 194 12 5
-0.53040 -0.04741 1.60000 194 12 5
0.86772 -0.00524 -1.60000 194 12 5
1.60000 -0.01238 0.88361 194 12 5
-1.60000 -0.00883 1.43364 194 12 5
0.48671 0.00000 0.72438 194 12 5
-0.39160 -0.06000 0.97197 194 12 5
-1.06816 -0.00362 1.60000 194 12 5
0.29957 -0.02311 -1.60000 194 12 5
1.60000 -0.01219 -1.42881 194 12 5
-1.60000 -0.01330 0.25443 194 12 5
0.06180 0.00000 0.44013 194 12 5
-1.03629 -0.06000 1.58805 194 12 5
0.94824 -0.00672 1.60000 194 12 5
-1.06995 -0.00896 -1.60000 194 12 5
1.60000 -0.00878 0.79484 194 12 5
-1.60000 -0.01768 -0.50721 194 12 5
0.64754 0.00000 0.41914 194 12 5
1.54673 -0.06000 1.36715 194 12 5
0.79847 -0.01447 1.60000 194 12 5
-0.77625 -0.03402 -1.60000 194 12 5
1.60000 -0.04871 -0.47885 194 12 5
-1.60000 -0.01680 1.59199 194 12 5
0.10455 0.00000 -0.43627 194 12 5
1.29329 -0.06000 -1.45627 194 12 5
-1.20626 -0.03314 1.60000 194 12 5
0.39661 -0.05573 -1.60000 194 12 5
1.60000 -0.02340 -1.35905 194 12 5
-1.60000 -0.00259 -0.24628 194 12 5
-1.35929 0.00000 0.18385 194 12 5
-0.13420 -0.06000 0.89741 194 12 5
0.36795 -0.04983 1.60000 194 12 5
0.74562 -0.05022 -1.60000 194 12 5
1.60000 -0.05837 -1.10964 194 12 5
-1.60000 -0.05161 1.17299 194 12 5
0.26401 0.00000 0.91176 194 12 5
-0.64735 -0.06000 -1.39643 194 12 5
-0.58965 -0.03831 1.60000 194 12 5
-0.42180 -0.04769 -1.60000 194 12 5
1.60000 -0.03420 1.17186 194 12 5
-1.60000 -0.04960 -0.98458 194 12 5
0.37185 0.00000 -1.11651 194 12 5
1.00745 -0.06000 -0.28833 194 12 5
1.33946 -0.03867 1.60000 194 12 5
-0.12211 -0.01252 -1.60000 194 12 5
1.60000 -0.02496 -1.25265 194 12 5
-1.60000 -0.01185 -0.65493 194 12 5
0.56861 0.00000 -0.97724 194 12 5
-0.23255 -0.06000 0.90339 194 12 5
1.50477 -0.03113 1.60000 194 12 5
1.53558 -0.05559 -1.60000 194 12 5
1.60000 -0.03383 0.13689 194 12 5
-1.60000 -0.01750 0.70184 194 12 5
0.06691 0.00000 1.24106 194 12 5
-0.07785 -0.06000 0.65713 194 12 5
-1.33699 -0.03165 1.60000 194 12 5
-0.54553 -0.01556 -1.60000 194 12 5
1.60000 -0.04232 -1.39376 194 12 5
-1.60000 -0.03004 -1.36357 194 12 5
-1.31653 0.00000 1.18835 194 12 5
-0.65796 -0.06000 0.12212 194 12 5
0.63377 -0.05985 1.60000 194 12 5
1.00804 -0.03257 -1.60000 194 12 5
1.60000 -0.00486 -0.03061 194 12 5
-1.60000 -0.03927 1.36573 194 12 5
0.08339 0.00000 -0.29496 194 12 5
-0.00460 -0.06000 0.90202 194 12 5
-0.06677 -0.02238 1.60000 194 12 5
-0.01587 -0.04547 -1.60000 194 12 5
1.60000 -0.00437 -0.88214 194 12 5
-1.60000 -0.01535 -0.54062 194 12 5
1.12579 0.00000 -0.74315 194 12 5
-0.33120 -0.06000 1.20137 194 12 5
1.14275 -0.03092 1.60000 194 12 5
-0.63833 -0.05946 -1.60000 194 12 5
1.60000 -0.03637 -1.05468 194 12 5
-1.60000 -0.00411 1.40056 194 12 5
-0.00832 0.00000 -0.73533 194 12 5
0.81009 -0.06000 -0.45588 194 12 5
-0.66079 -0.03251 1.60000 194 12 5
0.86037 -0.05904 -1.60000 194 12 5
1.60000 -0.00494 -1.48168 194 12 5
-1.60000 -0.05012 0.38982 194 12 5
-0.00322 0.00000 -0.86806 194 12 5
-0.99168 -0.06000 -0.61167 194 12 5
-1.50459 -0.01971 1.60000 194 12 5
0.87201 -0.02141 -1.60000 194 12 5
1.60000 -0.04050 -1.41373 194 12 5
-1.60000 -0.01648 -0.56900 194 12 5
0.21917 0.00000 -0.56852 194 12 5
0.92435 -0.06000 0.06247 194 12 5
1.22922 -0.04271 1.60000 194 12 5
-0.84308 -0.05834 -1.60000 194 12 5
1.60000 -0.02433 -1.30946 194 12 5
-1.60000 -0.05744 -0.94334 194 12 5
-0.86357 0.00000 -1.20474 194 12 5
-1.31726 -0.06000 -0.22535 194 12 5
-0.27684 -0.01002 1.60000 194 12 5
0.70996 -0.02644 -1.60000 194 12 5
1.60000 -0.01924 1.11300 194 12 5
-1.60000 -0.05665 -1.56176 194 12 5
-0.41580 0.00000 1.44684 194 12 5
-1.00568 -0.06000 -1.39572 194 12 5
-1.41543 -0.03386 1.60000 194 12 5
-0.95041 -0.02125 -1.60000 194 12 5
1.60000 -0.02172 -0.97212 194 12 5
-1.60000 -0.01013 -0.32621 194 12 5
-1.12323 0.00000 -1.38947 194 12 5
0.38040 -0.06000 -1.29565 194 12 5
0.87050 -0.03003 1.60000 194 12 5
0.79116 -0.04200 -1.60000 194 12 5
1.60000 -0.00404 1.26948 194 12 5
-1.60000 -0.05341 1.38049 194 12 5
1.59787 0.00000 -0.03977 194 12 5
1.30465 -0.06000 -1.05072 194 12 5
-0.05168 -0.03264 1.60000 194 12 5
-1.59850 -0.02154 -1.60000 194 12 5
1.60000 -0.05168 -1.45321 194 12 5
-1.60000 -0.04468 -0.03136 194 12 5
-0.09689 0.00000 -0.86623 194 12 5
1.13153 -0.06000 0.71552 194 12 5
-1.37146 -0.04893 1.60000 194 12 5
0.16904 -0.00707 -1.60000 194 12 5
1.60000 -0.04957 0.47564 194 12 5
-1.60000 -0.02174 0.39014 194 12 5
-0.91644 0.00000 1.55392 194 12 5
-0.81958 -0.06000 0.24820 194 12 5
1.46050 -0.02123 1.60000 194 12 5
-1.10715 -0.02505 -1.60000 194 12 5
1.60000 -0.05013 -1.09556 194 12 5
-1.60000 -0.04712 0.00648 194 12 5
1.07161 0.00000 0.61914 194 12 5
1.46203 -0.06000 0.38682 194 12 5
0.92190 -0.01205 1.60000 194 12 5
-0.73736 -0.03951 -1.60000 194 12 5
1.60000 -0.01812 0.30485 194 12 5
-1.60000 -0.01464 -1.55177 194 12 5
-1.43800 0.00000 0.98612 194 12 5
-0.99535 -0.06000 0.90549 194 12 5
-0.05755 -0.01368 1.60000 194 12 5
0.69292 -0.03832 -1.60000 194 12 5
1.60000 -0.02243 -0.80903 194 12 5
-1.60000 -0.03865 -0.35842 194 12 5
-0.92962 0.00000 0.22312 194 12 5
0.08765 -0.06000 1.07685 194 12 5
1.58446 -0.01662 1.60000 194 12 5
-1.17797 -0.00465 -1.60000 194 12 5
1.60000 -0.04343 -1.36140 194 12 5
-1.60000 -0.00361 1.22709 194 12 5
-1.31077 0.00000 -0.44275 194 12 5
-1.15128 -0.06000 1.56080 194 12 5
0.93387 -0.05661 1.60000 194 12 5
1.33775 -0.04995 -1.60000 194 12 5
1.60000 -0.00412 0.38083 194 12 5
-1.60000 -0.04600 -1.48609 194 12 5
0.07624 0.00000 -1.33486 194 12 5
1.09912 -0.06000 1.43317 194 12 5
-1.46517 -0.05937 1.60000 194 12 5
0.81588 -0.03999 -1.60000 194 12 5
1.60000 -0.02031 0.41988 194 12 5
-1.60000 -0.03911 1.26412 194 12 5
-0.70497 0.00000 0.11663 194 12 5
-1.58389 -0.06000 0.88757 194 12 5
0.91597 -0.04278 1.60000 194 12 5
-1.52268 -0.03849 -1.60000 194 12 5
1.60000 -0.04330 -1.36004 194 12 5
-1.60000 -0.05725 -1.53246 194 12 5
0.91692 0.00000 0.97916 194 12 5
1.48326 -0.06000 1.01923 194 12 5
-0.58489 -0.05185 1.60000 194 12 5
-1.29261 -0.05923 -1.60000 194 12 5
1.60000 -0.03797 -0.34563 194 12 5
-1.60000 -0.01778 1.57113 194 12 5
-0.97952 0.00000 -0.73295 194 12 5
0.03696 -0.06000 -0.61530 194 12 5
1.46319 -0.05340 1.60000 194 12 5
-0.60170 -0.03005 -1.60000 194 12 5
1.60000 -0.01061 -1.28510 194 12 5
-1.60000 -0.03399 1.03684 194 12 5
1.50438 0.00000 -0.25662 194 12 5
-1.38374 -0.06000 -0.38199 194 12 5
0.59419 -0.02507 1.60000 194 12 5
1.28900 -0.05118 -1.60000 194 12 5
1.60000 -0.05107 -0.16815 194 12 5
-1.60000 -0.03881 0.24435 194 12 5
1.48282 0.00000 1.55130 194 12 5
-0.98818 -0.06000 -0.70421 194 12 5
-0.52825 -0.00734 1.60000 194 12 5
1.05223 -0.03905 -1.60000 194 12 5
1.60000 -0.00091 0.12524 194 12 5
-1.60000 -0.01992 -0.16357 194 12 5
-0.39913 0.00000 1.02868 194 12 5
0.12566 -0.06000 -0.48245 194 12 5
0.75448 -0.02642 1.60000 194 12 5
-0.66893 -0.01039 -1.60000 194 12 5
1.60000 -0.00149 -0.79968 194 12 5
-1.60000 -0.03020 0.16392 194 12 5
-0.53296 0.00000 -1.35159 194 12 5
-0.38866 -0.06000 0.71804 194 12 5
0.01997 -0.02542 1.60000 194 12 5
1.21975 -0.02360 -1.60000 194 12 5
1.60000 -0.05505 -1.01959 194 12 5
-1.60000 -0.05695 1.09479 194 12 5
0.63425 0.00000 0.44166 194 12 5
0.61750 -0.06000 -1.21285 194 12 5
1.59385 -0.00656 1.60000 194 12 5
-1.37062 -0.00414 -1.60000 194 12 5
1.60000 -0.02835 -1.48196 194 12 5
-1.60000 -0.03388 -0.32047 194 12 5
0.72895 0.00000 -1.44437 194 12 5
-1.29526 -0.06000 -0.35680 194 12 5
-0.75776 -0.00743 1.60000 194 12 5
-1.03858 -0.05016 -1.60000 194 12 5
1.60000 -0.01834 0.60549 194 12 5
-1.60000 -0.05734 -1.48351 194 12 5
-1.06789 0.00000 -0.89008 194 12 5
-0.01371 -0.06000 0.75114 194 12 5
-0.77243 -0.00218 1.60000 194 12 5
1.55024 -0.01251 -1.60000 194 12 5
1.60000 -0.01151 -0.76877 194 12 5
-1.60000 -0.00720 1.36442 194 12 5
0.72064 0.00000 1.37520 194 12 5
-1.34299 -0.06000 1.10929 194 12 5
0.17481 -0.00662 1.60000 194 12 5
1.02362 -0.03372 -1.60000 194 12 5
1.60000 -0.00890 1.54216 194 12 5
-1.60000 -0.02995 1.14673 194 12 5
-0.66708 0.00000 -0.75655 194 12 5
-0.80429 -0.06000 -1.43655 194 12 5
0.90028 -0.02684 1.60000 194 12 5
0.93803 -0.05431 -1.60000 194 12 5
1.60000 -0.03722 -0.80404 194 12 5
-1.60000 -0.00859 -0.27515 194 12 5
0.33082 0.00000 0.20569 194 12 5
0.78165 -0.06000 -0.08673 194 12 5
-0.66607 -0.02850 1.60000 194 12 5
-0.15415 -0.04485 -1.60000 194 12 5
1.60000 -0.02848 1.37597 194 12 5
-1.60000 -0.05222 -1.46696 194 12 5
-0.79722 0.00000 0.04736 194 12 5
1.05813 -0.06000 -0.85972 194 12 5
-0.87031 -0.00143 1.60000 194 12 5
1.13088 -0.04153 -1.60000 194 12 5
1.60000 -0.03127 -1.39419 194 12 5
-1.60000 -0.05294 0.16856 194 12 5
1.21635 0.00000 -0.10155 194 12 5
0.71566 -0.06000 0.51379 194 12 5
-1.45415 -0.02012 1.60000 194 12 5
-0.28546 -0.01316 -1.60000 194 12 5
1.60000 -0.05134 -1.15056 194 12 5
-1.60000 -0.05939 -1.11016 194 12 5
1.02893 0.00000 1.55823 194 12 5
0.67541 -0.06000 0.30413 194 12 5
0.56391 -0.01452 1.60000 194 12 5
-0.04891 -0.04898 -1.60000 194 12 5
1.60000 -0.01188 -1.18191 194 12 5
-1.60000 -0.00334 -1.19436 194 12 5
-1.15927 0.00000 -0.58885 194 12 5
-0.42128 -0.06000 -0.87002 194 12 5
0.14453 -0.01089 1.60000 194 12 5
1.46145 -0.00676 -1.60000 194 12 5
1.60000 -0.02212 0.16059 194 12 5
-1.60000 -0.00821 0.56400 194 12 5
0.91989 0.00000 -1.10410 194 12 5
1.48573 -0.06000 -0.04841 194 12 5
-1.26312 -0.01458 1.60000 194 12 5
1.23025 -0.00718 -1.60000 194 12 5
1.60000 -0.03036 0.90336 194 12 5
-1.60000 -0.05574 0.46373 194 12 5
-0.38044 0.00000 1.51245 194 12 5
-1.03102 -0.06000 1.10754 194 12 5
0.69552 -0.00514 1.60000 194 12 5
0.52686 -0.04256 -1.60000 194 12 5
1.60000 -0.05615 0.07112 194 12 5
-1.60000 -0.01797 -0.71507 194 12 5
-0.17254 0.00000 1.13515 194 12 5
-0.36428 -0.06000 1.17197 194 12 5
-0.18014 -0.02641 1.60000 194 12 5
1.56671 -0.00645 -1.60000 194 12 5
1.60000 -0.03842 1.52533 194 12 5
-1.60000 -0.00409 1.31649 194 12 5
-1.46596 0.00000 0.41204 194 12 5
-1.33205 -0.06000 -0.51287 194 12 5
-0.06001 -0.05906 1.60000 194 12 5
0.47713 -0.02532 -1.60000 194 12 5
1.60000 -0.00353 0.37029 194 12 5
-1.60000 -0.03634 0.99526 194 12 5
-0.93063 0.00000 1.50051 194 12 5
0.71007 -0.06000 -0.83940 194 12 5
0.32347 -0.05721 1.60000 194 12 5
0.00567 -0.02483 -1.60000 194 12 5
1.60000 -0.03984 0.24310 194 12 5
-1.60000 -0.05761 0.37738 194 12 5
-0.56780 0.00000 1.46691 194 12 5
-0.50041 -0.06000 -0.02791 194 12 5
0.95522 -0.03109 1.60000 194 12 5
-0.73699 -0.04842 -1.60000 194 12 5
1.60000 -0.05236 1.16242 194 12 5
-1.60000 -0.04522 -0.76724 194 12 5
1.30773 0.00000 -1.47896 194 12 5
-0.95665 -0.06000 -1.35589 194 12 5
1.00630 -0.04939 1.60000 194 12 5
1.26957 -0.02020 -1.60000 194 12 5
1.60000 -0.04626 -0.79039 194 12 5
-1.60000 -0.05742 -1.10462 194 12 5
0.50253 0.00000 -0.83350 194 12 5
-0.24965 -0.06000 -1.59981 194 12 5
0.38546 -0.00237 1.60000 194 12 5
-1.19593 -0.00973 -1.60000 194 12 5
1.60000 -0.03386 1.51867 194 12 5
-1.60000 -0.00505 0.92683 194 12 5
0.62380 0.00000 -0.97374 194 12 5
0.65556 -0.06000 0.68891 194 12 5
-1.41356 -0.04524 1.60000 194 12 5
0.96539 -0.01191 -1.60000 194 12 5
1.60000 -0.04592 -0.81113 194 12 5
-1.60000 -0.00125 0.05331 194 12 5
-0.76271 0.00000 1.19956 194 12 5
0.99193 -0.06000 -1.48683 194 12 5
0.68279 -0.05686 1.60000 194 12 5
-0.59083 -0.03997 -1.60000 194 12 5
1.60000 -0.02279 -0.96025 194 12 5
-1.60000 -0.02917 -1.05822 194 12 5
0.14226 0.00000 -0.99088 194 12 5
0.17230 -0.06000 -1.27182 194 12 5
0.99303 -0.02352 1.60000 194 12 5
-0.59002 -0.05903 -1.60000 194 12 5
1.60000 -0.01172 -0.99246 194 12 5
-1.60000 -0.04237 1.34313 194 12 5
0.76918 0.00000 0.53542 194 12 5
0.64306 -0.06000 1.27310 194 12 5
0.97435 -0.02290 1.60000 194 12 5
-1.36560 -0.03153 -1.60000 194 12 5
1.60000 -0.02854 -0.61964 194 12 5
-1.60000 -0.02400 -0.75494 194 12 5
1.49580 0.00000 1.17167 194 12 5
1.54174 -0.06000 -0.97346 194 12 5
-1.31458 -0.00712 1.60000 194 12 5
0.47070 -0.03125 -1.60000 194 12 5
1.60000 -0.05715 0.93797 194 12 5
-1.60000 -0.02057 0.04717 194 12 5
-0.29831 0.00000 1.26103 194 12 5
-0.67079 -0.06000 0.18985 194 12 5
-1.21361 -0.05267 1.60000 194 12 5
0.66731 -0.05179 -1.60000 194 12 5
1.60000 -0.01113 -0.91344 194 12 5
-1.60000 -0.05491 -0.10379 194 12 5
-1.33056 0.00000 1.11234 194 12 5
1.27097 -0.06000 -0.74946 194 12 5
-0.82983 -0.00481 1.60000 194 12 5
0.19903 -0.01150 -1.60000 194 12 5
1.60000 -0.04494 -1.06505 194 12 5
-1.60000 -0.00322 -0.90233 194 12 5
-1.01565 0.00000 0.64969 194 12 5
0.31838 -0.06000 -0.08071 194 12 5
1.43010 -0.01044 1.60000 194 12 5
1.54037 -0.01358 -1.60000 194 12 5
1.60000 -0.01093 -0.58910 194 12 5
-1.60000 -0.00623 0.19972 194 12 5
1.45062 0.00000 0.95851 194 12 5
0.98916 -0.06000 0.15336 194 12 5
-0.09188 -0.03567 1.60000 194 12 5
-0.08987 -0.02948 -1.60000 194 12 5
1.60000 -0.05363 0.63133 194 12 5
-1.60000 -0.04497 0.07546 194 12 5
0.78804 0.00000 1.09928 194 12 5
-1.52494 -0.06000 -0.05031 194 12 5
0.72072 -0.01057 1.60000 194 12 5
1.40791 -0.05158 -1.60000 194 12 5
1.60000 -0.03498 0.71608 194 12 5
-1.60000 -0.03812 1.29411 194 12 5
-1.06152 0.00000 -0.52714 194 12 5
-1.43407 -0.06000 -0.28124 194 12 5
0.25063 -0.04385 1.60000 194 12 5
1.35800 -0.00983 -1.60000 194 12 5
1.60000 -0.00645 -0.52015 194 12 5
-1.60000 -0.04028 -1.44120 194 12 5
-1.56515 0.00000 0.16921 194 12 5
0.68570 -0.06000 -1.14196 194 12 5
0.10923 -0.04230 1.60000 194 12 5
1.20285 -0.03927 -1.60000 194 12 5
1.60000 -0.01186 0.11215 194 12 5
-1.60000 -0.00367 0.88839 194 12 5
-0.97442 0.00000 1.18124 194 12 5
-0.28176 -0.06000 -1.48079 194 12 5
1.20913 -0.05093 1.60000 194 12 5
-1.41535 -0.00565 -1.60000 194 12 5
1.60000 -0.04671 -0.35709 194 12 5
-1.60000 -0.03974 -0.51291 194 12 5
-0.45980 0.00000 -0.70521 194 12 5
-0.19256 -0.06000 -0.60083 194 12 5
0.02484 -0.04891 1.60000 194 12 5
0.44069 -0.00274 -1.60000 194 12 5
1.60000 -0.00251 1.19895 194 12 5
-1.60000 -0.03862 1.18444 194 12 5
-0.08372 0.00000 0.97006 194 12 5
0.91926 -0.06000 -0.42968 194 12 5
-1.33644 -0.03462 1.60000 194 12 5
-0.57378 -0.01707 -1.60000 194 12 5
1.60000 -0.02711 -0.04104 194 12 5
-1.60000 -0.04816 1.31851 194 12 5
-0.94030 0.00000 -0.08672 194 12 5
-0.37621 -0.06000 -0.32046 194 12 5
1.46012 -0.00399 1.60000 194 12 5
0.56271 -0.05916 -1.60000 194 12 5
1.60000 -0.04409 0.77782 194 12 5
-1.60000 -0.04960 0.86169 194 12 5
0.15627 0.00000 -0.13653 194 12 5
0.34563 -0.06000 0.13647 194 12 5
0.30179 -0.03299 1.60000 194 12 5
0.26332 -0.03603 -1.60000 194 12 5
1.60000 -0.02000 -0.28998 194 12 5
-1.60000 -0.00193 0.91626 194 12 5
-1.30565 0.00000 0.41718 194 12 5
-1.20548 -0.06000 -1.08479 194 12 5
-1.36612 -0.01917 1.60000 194 12 5
0.50093 -0.02117 -1.60000 194 12 5
1.60000 -0.05705 0.23409 194 12 5
-1.60000 -0.03098 0.59819 194 12 5
-1.15291 0.00000 0.04934 194 12 5
0.88890 -0.06000 1.06770 194 12 5
-1.54914 -0.02458 1.60000 194 12 5
-1.12570 -0.04779 -1.60000 194 12 5
1.60000 -0.00760 0.32785 194 12 5
-1.60000 -0.00213 -1.43187 194 12 5
-0.81847 0.00000 -1.21683 194 12 5
0.19965 -0.06000 -0.41403 194 12 5
-0.21385 -0.03554 1.60000 194 12 5
-1.26176 -0.05070 -1.60000 194 12 5
1.60000 -0.05246 0.96639 194 12 5
-1.60000 -0.05630 0.69849 194 12 5
0.87022 0.00000 -0.59675 194 12 5
-0.33726 -0.06000 -1.04159 194 12 5
1.32797 -0.05907 1.60000 194 12 5
-0.03441 -0.04133 -1.60000 194 12 5
1.60000 -0.03810 -0.20804 194 12 5
-1.60000 -0.04735 0.38992 194 12 5
-1.03588 0.00000 -1.28384 194 12 5
-1.11001 -0.06000 -0.29991 194 12 5
-0.17472 -0.02631 1.60000 194 12 5
-0.79237 -0.05273 -1.60000 194 12 5
1.60000 -0.04318 0.97092 194 12 5
-1.60000 -0.02750 0.50514 194 12 5
1.49027 0.00000 0.41324 194 12 5
1.43647 -0.06000 -1.09135 194 12 5
1.45201 -0.04528 1.60000 194 12 5
1.07612 -0.00058 -1.60000 194 12 5
1.60000 -0.04838 -0.04106 194 12 5
-1.60000 -0.04650 0.60169 194 12 5
-1.12723 0.00000 0.65129 194 12 5
1.38134 -0.06000 -0.79800 194 12 5
-0.69929 -0.01610 1.60000 194 12 5
0.67251 -0.00666 -1.60000 194 12 5
1.60000 -0.03903 0.44384 194 12 5
-1.60000 -0.01429 0.72213 194 12 5
-0.88509 0.00000 -0.27695 194 12 5
-0.18005 -0.06000 -0.24405 194 12 5
-0.25152 -0.04012 1.60000 194 12 5
1.21629 -0.00641 -1.60000 194 12 5
1.60000 -0.04973 -0.38281 194 12 5
-1.60000 -0.00057 1.30327 194 12 5
0.83939 0.00000 0.97263 194 12 5
-0.40575 -0.06000 -1.00195 194 12 5
1.32925 -0.05407 1.60000 194 12 5
1.22647 -0.05015 -1.60000 194 12 5
1.60000 -0.02660 -1.21929 194 12 5
-1.60000 -0.02898 0.39989 194 12 5
0.15332 0.00000 0.64140 194 12 5
-1.27049 -0.06000 0.00599 194 12 5
0.20987 -0.03099 1.60000 194 12 5
-0.44211 -0.03553 -1.60000 194 12 5
1.60000 -0.04244 -1.30184 194 12 5
-1.60000 -0.03963 -1.38887 194 12 5
1.44524 0.00000 0.47021 194 12 5
0.35037 -0.06000 0.47390 194 12 5
-0.67551 -0.01840 1.60000 194 12 5
-0.59672 -0.04703 -1.60000 194 12 5
1.60000 -0.05252 0.28675 194 12 5
-1.60000 -0.03730 0.10278 194 12 5
-1.03915 0.00000 0.10634 194 12 5
1.05647 -0.06000 -1.36622 194 12 5
-0.43437 -0.00010 1.60000 194 12 5
1.35906 -0.01190 -1.60000 194 12 5
1.60000 -0.02252 0.13804 194 12 5
-1.60000 -0.00076 1.32732 194 12 5
1.29600 0.00000 -1.42806 194 12 5
1.37138 -0.06000 1.55324 194 12 5
-0.43185 -0.04932 1.60000 194 12 5
-0.72706 -0.05964 -1.60000 194 12 5
1.60000 -0.01187 -0.29627 194 12 5
-1.60000 -0.01754 1.55222 194 12 5
0.98402 0.00000 0.68505 194 12 5
-0.28654 -0.06000 -0.98591 194 12 5
-0.53768 -0.02197 1.60000 194 12 5
0.78129 -0.05647 -1.60000 194 12 5
1.60000 -0.01207 -1.38824 194 12 5
-1.60000 -0.02046 0.11059 194 12 5
1.56019 0.00000 0.27066 194 12 5
-1.33646 -0.06000 -1.25115 194 12 5
-0.37424 -0.00376 1.60000 194 12 5
-0.67154 -0.03577 -1.60000 194 12 5
1.60000 -0.05310 1.59827 194 12 5
-1.60000 -0.04078 1.54916 194 12 5
-0.54650 0.00000 1.16883 194 12 5
0.59217 -0.06000 0.16206 194 12 5
-0.26324 -0.04647 1.60000 194 12 5
-1.43825 -0.05803 -1.60000 194 12 5
1.60000 -0.02577 1.42667 194 12 5
-1.60000 -0.02673 -0.03971 194 12 5
-0.82367 0.00000 0.85339 194 12 5
-0.51760 -0.06000 0.07798 194 12 5
-1.01060 -0.00186 1.60000 194 12 5
-1.02145 -0.05715 -1.60000 194 12 5
1.60000 -0.02714 -1.55105 194 12 5
-1.60000 -0.00504 -0.53756 194 12 5
-0.24730 0.00000 1.58170 194 12 5
-0.14826 -0.06000 -1.29392 194 12 5
0.49799 -0.00890 1.60000 194 12 5
0.78848 -0.01682 -1.60000 194 12 5
1.60000 -0.01992 1.40452 194 12 5
-1.60000 -0.03255 0.55114 194 12 5
0.28353 0.00000 -0.09403 194 12 5
-1.54772 -0.06000 1.13519 194 12 5
-0.25626 -0.02301 1.60000 194 12 5
1.14862 -0.05679 -1.60000 194 12 5
1.60000 -0.02232 0.39336 194 12 5
-1.60000 -0.05803 0.60891 194 12 5
-0.48986 0.00000 0.01214 194 12 5
-1.20383 -0.06000 -1.26408 194 12 5
1.05355 -0.01778 1.60000 194 12 5
-0.34082 -0.04710 -1.60000 194 12 5
1.60000 -0.02651 -1.02404 194 12 5
-1.60000 -0.01551 1.08519 194 12 5
-0.61754 0.00000 -1.03370 194 12 5
1.56810 -0.06000 0.69951 194 12 5
-0.85441 -0.04856 1.60000 194 12 5
0.25288 -0.03873 -1.60000 194 12 5
1.60000 -0.01524 -0.84407 194 12 5
-1.60000 -0.02466 1.22698 194 12 5
-0.35090 0.00000 -1.28257 194 12 5
0.71166 -0.06000 0.58710 194 12 5
1.26288 -0.05590 1.60000 194 12 5
0.48390 -0.05200 -1.60000 194 12 5
1.60000 -0.05084 -1.08468 194 12 5
-1.60000 -0.04446 0.40959 194 12 5
1.46336 0.00000 1.26088 194 12 5
0.31229 -0.06000 1.49748 194 12 5
0.60525 -0.04968 1.60000 194 12 5
0.57327 -0.04002 -1.60000 194 12 5
1.60000 -0.04680 -0.95006 194 12 5
-1.60000 -0.05841 -0.30455 194 12 5
-1.26896 0.00000 0.69337 194 12 5
-1.23622 -0.06000 -0.09959 194 12 5
-1.00527 -0.03218 1.60000 194 12 5
-0.10751 -0.03544 -1.60000 194 12 5
1.60000 -0.03439 -0.30017 194 12 5
-1.60000 -0.03310 1.35998 194 12 5
1.17871 0.00000 -1.18307 194 12 5
0.79315 -0.06000 0.36984 194 12 5
-1.31963 -0.00202 1.60000 194 12 5
1.16968 -0.03683 -1.60000 194 12 5
1.60000 -0.01498 0.07318 194 12 5
-1.60000 -0.05950 -0.41904 194 12 5
-0.03049 0.00000 1.29484 194 12 5
1.46785 -0.06000 1.06976 194 12 5
1.17061 -0.01578 1.60000 194 12 5
0.42613 -0.02915 -1.60000 194 12 5
1.60000 -0.04648 -0.10184 194 12 5
-1.60000 -0.01708 -1.31936 194 12 5
1.03889 0.00000 -1.20234 194 12 5
-0.70351 -0.06000 1.05499 194 12 5
1.38120 -0.00440 1.60000 194 12 5
-1.51294 -0.01375 -1.60000 194 12 5
1.60000 -0.02442 0.27240 194 12 5
-1.60000 -0.00808 -0.08654 194 12 5
0.00077 0.00000 -1.03051 194 12 5
-0.57377 -0.06000 0.13652 194 12 5
1.56404 -0.04686 1.60000 194 12 5
-1.13697 -0.03576 -1.60000 194 12 5
1.60000 -0.03454 1.58470 194 12 5
-1.60000 -0.03007 -0.40091 194 12 5
-0.28436 0.00000 -0.35180 194 12 5
-0.76884 -0.06000 0.54621 194 12 5
1.05076 -0.00799 1.60000 194 12 5
-1.44203 -0.04958 -1.60000 194 12 5
1.60000 -0.04400 0.93349 194 12 5
-1.60000 -0.03337 -0.01477 194 12 5
0.67946 0.00000 -1.31240 194 12 5
-0.61123 -0.06000 -0.71181 194 12 5
1.14145 -0.04918 1.60000 194 12 5
0.47630 -0.01133 -1.60000 194 12 5
1.60000 -0.03681 1.51992 194 12 5
-1.60000 -0.03617 0.58238 194 12 5
-0.93918 0.00000 0.65641 194 12 5
0.90249 -0.06000 -0.77775 194 12 5
-1.29921 -0.00226 1.60000 194 12 5
0.11164 -0.01327 -1.60000 194 12 5
1.60000 -0.02229 -1.36304 194 12 5
-1.60000 -0.04216 -0.13023 194 12 5
0.91477 0.00000 1.24276 194 12 5
0.05730 -0.06000 1.01493 194 12 5
-0.37061 -0.02018 1.60000 194 12 5
1.13267 -0.00653 -1.60000 194 12 5
1.60000 -0.03398 -0.05703 194 12 5
-1.60000 -0.02751 1.22652 194 12 5
0.42133 0.00000 -0.57809 194 12 5
-0.20740 -0.06000 -0.61165 194 12 5
-0.40611 -0.05515 1.60000 194 12 5
-0.85438 -0.00122 -1.60000 194 12 5
1.60000 -0.01632 -0.40622 194 12 5
-1.60000 -0.04435 0.02704 194 12 5
-0.08493 0.00000 0.05598 194 12 5
0.94446 -0.06000 0.37767 194 12 5
1.34754 -0.03267 1.60000 194 12 5
-0.95996 -0.02624 -1.60000 194 12 5
1.60000 -0.05139 -1.29132 194 12 5
-1.60000 -0.03571 1.50613 194 12 5
0.83342 0.00000 -0.85113 194 12 5
0.96234 -0.06000 0.29241 194 12 5
0.14884 -0.00470 1.60000 194 12 5
1.35820 -0.04563 -1.60000 194 12 5
1.60000 -0.00043 -1.21774 194 12 5
-1.60000 -0.00759 0.31705 194 12 5
0.41277 0.00000 1.18434 194 12 5
-0.43656 -0.06000 -0.59422 194 12 5
-0.08864 -0.00209 1.60000 194 12 5
-1.03637 -0.05014 -1.60000 194 12 5
1.60000 -0.01984 -1.32877 194 12 5
-1.60000 -0.01246 -0.72919 194 12 5
0.96260 0.00000 0.84512 194 12 5
-0.35283 -0.06000 -1.40670 194 12 5
0.42172 -0.05423 1.60000 194 12 5
0.67084 -0.00968 -1.60000 194 12 5
1.60000 -0.04463 1.19834 194 12 5
-1.60000 -0.01343 0.99149 194 12 5
-0.84499 0.00000 -0.45002 194 12 5
-1.53938 -0.06000 0.90082 194 12 5
0.49573 -0.05126 1.60000 194 12 5
-1.06532 -0.01284 -1.60000 194 12 5
1.60000 -0.03280 -1.18096 194 12 5
-1.60000 -0.01889 -0.25055 194 12 5
0.34477 0.00000 1.48448 194 12 5
-1.39499 -0.06000 -0.26660 194 12 5
-0.72389 -0.00048 1.60000 194 12 5
1.45203 -0.00691 -1.60000 194 12 5
1.60000 -0.03376 -0.19276 194 12 5
-1.60000 -0.01785 0.61942 194 12 5
1.50147 0.00000 1.18368 194 12 5
0.72240 -0.06000 0.30402 194 12 5
0.51139 -0.05638 1.60000 194 12 5
-1.47814 -0.02169 -1.60000 194 12 5
1.60000 -0.03615 -0.24362 194 12 5
-1.60000 -0.01782 1.08541 194 12 5
1.29562 0.00000 -0.82208 194 12 5
0.11447 -0.06000 -1.59282 194 12 5
-0.24851 -0.04466 1.60000 194 12 5
-0.06507 -0.05636 -1.60000 194 12 5
1.60000 -0.02599 -0.78341 194 12 5
-1.60000 -0.04489 -0.00022 194 12 5
0.19953 0.00000 -0.86896 194 12 5
-0.85032 -0.06000 0.44534 194 12 5
0.90776 -0.02261 1.60000 194 12 5
1.11508 -0.00453 -1.60000 194 12 5
1.60000 -0.00234 0.06772 194 12 5
-1.60000 -0.01085 1.52221 194 12 5
1.42376 0.00000 -0.95922 194 12 5
0.36889 -0.06000 1.37507 194 12 5
1.18635 -0.01934 1.60000 194 12 5
-0.68477 -0.02668 -1.60000 194 12 5
1.60000 -0.00205 0.68075 194 12 5
-1.60000 -0.05650 -0.08337 194 12 5
0.45444 0.00000 -0.21665 194 12 5
-1.26721 -0.06000 0.88119 194 12 5
0.39165 -0.02313 1.60000 194 12 5
0.31600 -0.00359 -1.60000 194 12 5
1.60000 -0.03144 -0.89672 194 12 5
-1.60000 -0.02854 -0.39637 194 12 5
-0.64052 0.00000 0.84564 194 12 5
-0.16816 -0.06000 1.54131 194 12 5
1.20191 -0.03392 1.60000 194 12 5
-0.05928 -0.01460 -1.60000 194 12 5
1.60000 -0.03809 -1.43961 194 12 5
-1.60000 -0.00155 0.67573 194 12 5
-1.26321 0.00000 -0.53255 194 12 5
-0.49359 -0.06000 1.04250 194 12 5
1.26418 -0.03210 1.60000 194 12 5
-0.67942 -0.04968 -1.60000 194 12 5
1.60000 -0.01145 1.00251 194 12 5
-1.60000 -0.03389 0.19294 194 12 5
0.14992 0.00000 -0.67168 194 12 5
-0.54719 -0.06000 1.31506 194 12 5
0.78487 -0.03835 1.60000 194 12 5
0.49381 -0.05289 -1.60000 194 12 5
1.60000 -0.04074 -0.80086 194 12 5
-1.60000 -0.05796 0.75335 194 12 5
-1.56188 0.00000 0.44484 194 12 5
1.23976 -0.06000 1.35730 194 12 5
-0.75118 -0.02222 1.60000 194 12 5
-0.96692 -0.02496 -1.60000 194 12 5
1.60000 -0.00850 1.45256 194 12 5
-1.60000 -0.02435 1.24575 194 12 5
0.11435 0.00000 1.54032 194 12 5
-0.22330 -0.06000 -0.22563 194 12 5
-0.82011 -0.04681 1.60000 194 12 5
-1.13825 -0.05159 -1.60000 194 12 5
1.60000 -0.05463 1.37945 194 12 5
-1.60000 -0.02686 -0.14200 194 12 5
-0.68361 0.00000 -0.05577 194 12 5
0.14485 -0.06000 -1.42407 194 12 5
0.80719 -0.04095 1.60000 194 12 5
0.20676 -0.05916 -1.60000 194 12 5
1.60000 -0.05995 0.84673 194 12 5
-1.60000 -0.03366 -1.19313 194 12 5
1.26591 0.00000 1.36164 194 12 5
1.41464 -0.06000 0.67209 194 12 5
-0.44689 -0.01807 1.60000 194 12 5
1.04532 -0.00933 -1.60000 194 12 5
1.60000 -0.05097 0.74217 194 12 5
-1.60000 -0.04697 1.12735 194 12 5
1.47116 0.00000 1.27197 194 12 5
0.49976 -0.06000 0.23358 194 12 5
0.32627 -0.04341 1.60000 194 12 5
0.81085 -0.05498 -1.60000 194 12 5
1.60000 -0.05542 -0.14628 194 12 5
-1.60000 -0.01862 0.90902 194 12 5
-0.10594 0.00000 -1.03068 194 12 5
-0.42694 -0.06000 0.43830 194 12 5
1.16618 -0.01007 1.60000 194 12 5
-0.93019 -0.05665 -1.60000 194 12 5
1.60000 -0.04237 1.42970 194 12 5
-1.60000 -0.00418 0.21828 194 12 5
-0.95354 0.00000 -0.16988 194 12 5
-0.98183 -0.06000 -0.88386 194 12 5
-0.91035 -0.03219 1.60000 194 12 5
0.59692 -0.03112 -1.60000 194 12 5
1.60000 -0.00492 0.90965 194 12 5
-1.60000 -0.01201 0.48365 194 12 5
0.30311 0.00000 -0.62289 194 12 5
-0.97662 -0.06000 -1.29586 194 12 5
0.37917 -0.05315 1.60000 194 12 5
-0.21507 -0.05791 -1.60000 194 12 5
1.60000 -0.01720 -0.39438 194 12 5
-1.60000 -0.02021 -0.03587 194 12 5
-0.29568 0.00000 -0.61137 194 12 5
-0.25474 -0.06000 0.12713 194 12 5
1.42368 -0.03269 1.60000 194 12 5
-0.66006 -0.00110 -1.60000 194 12 5
1.60000 -0.00207 -0.96067 194 12 5
-1.60000 -0.01129 0.11339 194 12 5
-0.74488 0.00000 -0.69365 194 12 5
-1.42038 -0.06000 -0.23006 194 12 5
-0.36970 -0.02620 1.60000 194 12 5
-1.16603 -0.05278 -1.60000 194 12 5
1.60000 -0.02584 0.25959 194 12 5
-1.60000 -0.03513 0.82890 194 12 5
-1.26495 0.00000 1.30533 194 12 5
-0.78654 -0.06000 0.83124 194 12 5
-0.96283 -0.04574 1.60000 194 12 5
0.24738 -0.02328 -1.60000 194 12 5
1.60000 -0.00706 -1.37076 194 12 5
-1.60000 -0.05415 1.32660 194 12 5
1.11229 0.00000 0.57005 194 12 5
-1.07591 -0.06000 -0.64255 194 12 5
-0.26356 -0.05792 1.60000 194 12 5
-0.46854 -0.00448 -1.60000 194 12 5
1.60000 -0.03192 1.38202 194 12 5
-1.60000 -0.01436 0.00846 194 12 5
-0.72609 0.00000 -0.47345 194 12 5
1.45976 -0.06000 -0.40430 194 12 5
-0.03823 -0.03875 1.60000 194 12 5
1.15949 -0.05530 -1.60000 194 12 5
1.60000 -0.03435 -0.85766 194 12 5
-1.60000 -0.04232 -1.04682 194 12 5
0.91704 0.00000 -0.65780 194 12 5
0.86798 -0.06000 0.26854 194 12 5
0.50852 -0.01866 1.60000 194 12 5
-1.30840 -0.02143 -1.60000 194 12 5
1.60000 -0.02805 -1.56128 194 12 5
-1.60000 -0.02918 -1.04094 194 12 5
0.45042 0.00000 0.22734 194 12 5
1.00892 -0.06000 0.07561 194 12 5
0.54812 -0.00824 1.60000 194 12 5
-0.57490 -0.04962 -1.60000 194 12 5
1.60000 -0.00616 -0.85830 194 12 5
-1.60000 -0.01241 -0.26422 194 12 5
-0.86986 0.00000 -0.98407 194 12 5
1.19601 -0.06000 0.98825 194 12 5
-1.31381 -0.02668 1.60000 194 12 5
0.65346 -0.03876 -1.60000 194 12 5
1.60000 -0.02709 0.27093 194 12 5
-1.60000 -0.02929 -0.78452 194 12 5
-0.62692 0.00000 -1.42912 194 12 5
-0.28155 -0.06000 0.78020 194 12 5
0.21022 -0.01901 1.60000 194 12 5
-0.03259 -0.00695 -1.60000 194 12 5
1.60000 -0.04282 1.52686 194 12 5
-1.60000 -0.04119 -0.08893 194 12 5
1.27416 0.00000 -0.92700 194 12 5
-1.03338 -0.06000 1.15864 194 12 5
-1.48338 -0.03783 1.60000 194 12 5
0.95356 -0.02394 -1.60000 194 12 5
1.60000 -0.01907 0.78912 194 12 5
-1.60000 -0.03117 -0.96149 194 12 5
-1.27574 0.00000 -0.43990 194 12 5
1.50268 -0.06000 -0.38730 194 12 5
1.49333 -0.04886 1.60000 194 12 5
-1.49755 -0.03250 -1.60000 194 12 5
1.60000 -0.01240 -0.31741 194 12 5
-1.60000 -0.04466 1.09929 194 12 5
-0.30093 0.00000 -1.54459 194 12 5
-0.39855 -0.06000 -0.58047 194 12 5
-0.62574 -0.02224 1.60000 194 12 5
-0.39789 -0.02686 -1.60000 194 12 5
1.60000 -0.00246 -0.53051 194 12 5
-1.60000 -0.04188 0.89911 194 12 5
0.77506 0.00000 1.09253 194 12 5
-0.93469 -0.06000 0.90472 194 12 5
-0.77041 -0.00420 1.60000 194 12 5
-1.14392 -0.04285 -1.60000 194 12 5
1.60000 -0.04400 0.08123 194 12 5
-1.60000 -0.05301 0.00458 194 12 5
-1.17253 0.00000 1.05521 194 12 5
0.61487 -0.06000 -0.27804 194 12 5
0.88502 -0.03367 1.60000 194 12 5
-0.74883 -0.00674 -1.60000 194 12 5
1.60000 -0.01441 1.48042 194 12 5
-1.60000 -0.00090 1.04579 194 12 5
1.45588 0.00000 1.44311 194 12 5
-0.70538 -0.06000 -0.99470 194 12 5
1.54515 -0.05218 1.60000 194 12 5
-0.23652 -0.04777 -1.60000 194 12 5
1.60000 -0.01242 -0.03150 194 12 5
-1.60000 -0.05490 0.93813 194 12 5
-0.34373 0.00000 -0.27495 194 12 5
0.41166 -0.06000 0.18450 194 12 5
0.14617 -0.02012 1.60000 194 12 5
-0.25199 -0.02025 -1.60000 194 12 5
1.60000 -0.00491 -1.58682 194 12 5
-1.60000 -0.01649 1.26033 194 12 5
0.32718 0.00000 0.03549 194 12 5
1.56797 -0.06000 -0.08276 194 12 5
0.30173 -0.03100 1.60000 194 12 5
-0.86181 -0.05792 -1.60000 194 12 5
1.60000 -0.04918 1.31980 194 12 5
-1.60000 -0.03422 -0.43105 194 12 5
-0.69491 0.00000 0.45127 194 12 5
-0.02539 -0.06000 -0.72383 194 12 5
0.36420 -0.00960 1.60000 194 12 5
1.31943 -0.00093 -1.60000 194 12 5
1.60000 -0.02196 1.21467 194 12 5
-1.60000 -0.04705 1.42980 194 12 5
-0.14981 0.00000 0.40395 194 12 5
-0.74876 -0.06000 -0.09179 194 12 5
1.15229 -0.05211 1.60000 194 12 5
0.47559 -0.04211 -1.60000 194 12 5
1.60000 -0.05872 0.61498 194 12 5
-1.60000 -0.05559 1.24214 194 12 5
0.74253 0.00000 -0.71598 194 12 5
1.29158 -0.06000 -1.24959 194 12 5
-0.83666 -0.05254 1.60000 194 12 5
0.58458 -0.01510 -1.60000 194 12 5
1.60000 -0.04850 -0.11667 194 12 5
-1.60000 -0.05850 -0.72754 194 12 5
0.27878 0.00000 -0.44209 194 12 5
-0.93579 -0.06000 1.48861 194 12 5
-0.23215 -0.00172 1.60000 194 12 5
0.55004 -0.03034 -1.60000 194 12 5
1.60000 -0.01082 -0.19788 194 12 5
-1.60000 -0.04677 1.11855 194 12 5
1.11037 0.00000 1.43916 194 12 5
-0.13186 -0.06000 1.17278 194 12 5
1.05430 -0.00640 1.60000 194 12 5
-0.17460 -0.02541 -1.60000 194 12 5
1.60000 -0.03261 0.44803 194 12 5
-1.60000 -0.05321 -0.42192 194 12 5
-1.50383 0.00000 -0.66916 194 12 5
-1.38664 -0.06000 0.80896 194 12 5
1.27487 -0.02216 1.60000 194 12 5
0.21689 -0.01678 -1.60000 194 12 5
1.60000 -0.00699 0.75771 194 12 5
-1.60000 -0.05443 -0.38766 194 12 5
-0.88945 0.00000 -0.45391 194 12 5
-1.14040 -0.06000 -0.71110 194 12 5
1.00090 -0.01998 1.60000 194 12 5
-0.91643 -0.05407 -1.60000 194 12 5
1.60000 -0.04674 -1.32348 194 12 5
-1.60000 -0.02756 0.08399 194 12 5
-0.07715 0.00000 -0.74760 194 12 5
-0.04835 -0.06000 -1.33958 194 12 5
0.63399 -0.02486 1.60000 194 12 5
0.43317 -0.03803 -1.60000 194 12 5
1.60000 -0.04083 1.52258 194 12 5
-1.60000 -0.02114 -1.37726 194 12 5
0.71358 0.00000 1.22042 194 12 5
-0.92795 -0.06000 -0.37092 194 12 5
-0.71594 -0.03421 1.60000 194 12 5
-1.59430 -0.05127 -1.60000 194 12 5
1.60000 -0.01317 -0.23874 194 12 5
-1.60000 -0.03654 -0.45281 194 12 5
0.65584 0.00000 -1.45400 194 12 5
0.88226 -0.06000 0.74321 194 12 5
1.05842 -0.01584 1.60000 194 12 5
1.03746 -0.01954 -1.60000 194 12 5
1.60000 -0.01290 0.10057 194 12 5
-1.60000 -0.03838 -1.19785 194 12 5
-1.40981 0.00000 -0.79047 194 12 5
0.07912 -0.06000 -0.41960 194 12 5
-0.47198 -0.01723 1.60000 194 12 5
0.32502 -0.05875 -1.60000 194 12 5
1.60000 -0.05362 1.23902 194 12 5
-1.60000 -0.02167 0.21917 194 12 5
0.03143 0.00000 1.58128 194 12 5
0.65384 -0.06000 -0.94255 194 12 5
0.74151 -0.02024 1.60000 194 12 5
0.75574 -0.05737 -1.60000 194 12 5
1.60000 -0.02350 1.13646 194 12 5
-1.60000 -0.01371 -1.55146 194 12 5
-0.54332 0.00000 1.51367 194 12 5
-0.46225 -0.06000 1.02710 194 12 5
-0.41011 -0.03872 1.60000 194 12 5
0.97891 -0.05809 -1.60000 194 12 5
1.60000 -0.02717 1.57179 194 12 5
-1.60000 -0.01563 0.92085 194 12 5
0.16848 0.00000 -0.72706 194 12 5
-1.59363 -0.06000 1.01857 194 12 5
-0.68066 -0.00608 1.60000 194 12 5
1.46338 -0.04843 -1.60000 194 12 5
1.60000 -0.01776 0.38023 194 12 5
-1.60000 -0.05210 -0.09693 194 12 5
-0.68494 0.00000 -0.64267 194 12 5
-1.23228 -0.06000 0.15466 194 12 5
0.91398 -0.04049 1.60000 194 12 5
0.27349 -0.05938 -1.60000 194 12 5
1.60000 -0.05040 -0.64625 194 12 5
-1.60000 -0.04450 -0.15078 194 12 5
-0.54247 0.00000 -0.05051 194 12 5
0.08611 -0.06000 -0.35015 194 12 5
-1.12251 -0.04220 1.60000 194 12 5
-1.26251 -0.04687 -1.60000 194 12 5
1.60000 -0.00905 -0.45980 194 12 5
-1.60000 -0.02861 0.51288 194 12 5
-0.82860 0.00000 -1.49506 194 12 5
-0.19814 -0.06000 -0.33966 194 12 5
-0.87246 -0.01172 1.60000 194 12 5
0.86737 -0.01453 -1.60000 194 12 5
1.60000 -0.02292 -0.02931 194 12 5
-1.60000 -0.00068 -0.78026 194 12 5
1.37789 0.00000 0.53218 194 12 5
1.53023 -0.06000 -1.10107 194 12 5
0.41189 -0.00655 1.60000 194 12 5
1.23602 -0.05356 -1.60000 194 12 5
1.60000 -0.03173 -0.77715 194 12 5
-1.60000 -0.03465 0.34964 194 12 5
1.13514 0.00000 1.44418 194 12 5
1.54855 -0.06000 -0.46353 194 12 5
0.06630 -0.05160 1.60000 194 12 5
1.42853 -0.04220 -1.60000 194 12 5
1.60000 -0.02131 0.61989 194 12 5
-1.60000 -0.02927 -1.21638 194 12 5
-1.09144 0.00000 -1.24437 194 12 5
0.25232 -0.06000 -0.70978 194 12 5
1.13570 -0.05975 1.60000 194 12 5
0.49754 -0.03791 -1.60000 194 12 5
1.60000 -0.00869 0.78750 194 12 5
-1.60000 -0.00581 -1.13012 194 12 5
-1.15838 0.00000 -0.62990 194 12 5
-1.22449 -0.06000 1.34661 194 12 5
1.01811 -0.05135 1.60000 194 12 5
0.31596 -0.04880 -1.60000 194 12 5
1.60000 -0.01004 -1.34491 194 12 5
-1.60000 -0.00025 0.75608 194 12 5
0.88472 0.00000 -0.76402 194 12 5
1.03118 -0.06000 -0.24772 194 12 5
0.13309 -0.02959 1.60000 194 12 5
-1.35544 -0.01013 -1.60000 194 12 5
1.60000 -0.03077 0.61605 194 12 5
-1.60000 -0.04138 0.93521 194 12 5
0.01933 0.00000 0.47254 194 12 5
0.54500 -0.06000 -0.29383 194 12 5
-0.99849 -0.01610 1.60000 194 12 5
0.25053 -0.00953 -1.60000 194 12 5
1.60000 -0.04847 -0.47800 194 12 5
-1.60000 -0.05133 1.20992 194 12 5
-0.79000 0.00000 -1.40831 194 12 5
0.10536 -0.06000 -0.14010 194 12 5
-1.09077 -0.01615 1.60000 194 12 5
1.18370 -0.01692 -1.60000 194 12 5
1.60000 -0.02473 0.75335 194 12 5
-1.60000 -0.00363 0.31508 194 12 5
0.76054 0.00000 -0.08073 194 12 5
-1.30062 -0.06000 0.09463 194 12 5
-0.71007 -0.04302 1.60000 194 12 5
0.29887 -0.05783 -1.60000 194 12 5
1.60000 -0.03443 -0.02588 194 12 5
-1.60000 -0.03932 0.90993 194 12 5
-0.77541 0.00000 0.34044 194 12 5
-1.12368 -0.06000 0.05650 194 12 5
-0.62508 -0.03797 1.60000 194 12 5
-0.69054 -0.03882 -1.60000 194 12 5
1.60000 -0.05578 -1.49468 194 12 5
-1.60000 -0.02073 1.50179 194 12 5
-1.12514 0.00000 1.10838 194 12 5
-1.38004 -0.06000 0.85520 194 12 5
0.83689 -0.01269 1.60000 194 12 5
1.26210 -0.04022 -1.60000 194 12 5
1.60000 -0.02913 -0.12753 194 12 5
-1.60000 -0.04615 -0.28559 194 12 5
0.28914 0.00000 0.59642 194 12 5
-0.42610 -0.06000 -0.15788 194 12 5
0.12876 -0.02362 1.60000 194 12 5
-0.13877 -0.01514 -1.60000 194 12 5
1.60000 -0.05098 -0.67466 194 12 5
-1.60000 -0.01479 -1.40750 194 12 5
0.41829 0.00000 0.70317 194 12 5
0.16626 -0.06000 -0.84404 194 12 5
-0.27946 -0.02178 1.60000 194 12 5
0.41091 -0.01541 -1.60000 194 12 5
1.60000 -0.01615 0.94763 194 12 5
-1.60000 -0.02364 -1.47887 194 12 5
1.59480 0.00000 -0.60906 194 12 5
-0.48491 -0.06000 -0.89573 194 12 5
-0.55905 -0.04706 1.60000 194 12 5
-0.09726 -0.03499 -1.60000 194 12 5
1.60000 -0.01603 1.02087 194 12 5
-1.60000 -0.01738 1.56406 194 12 5
0.55792 0.00000 1.03961 194 12 5
-0.61242 -0.06000 -1.39385 194 12 5
0.57176 -0.05280 1.60000 194 12 5
1.48664 -0.05287 -1.60000 194 12 5
1.60000 -0.03841 -0.46505 194 12 5
-1.60000 -0.02957 1.18496 194 12 5
1.50910 0.00000 0.09702 194 12 5
1.34192 -0.06000 -0.88215 194 12 5
-0.96240 -0.02341 1.60000 194 12 5
-1.32119 -0.05745 -1.60000 194 12 5
1.60000 -0.00451 1.21163 194 12 5
-1.60000 -0.05578 0.31564 194 12 5
-1.35802 0.00000 0.87825 194 12 5
-0.97077 -0.06000 -0.30785 194 12 5
0.91456 -0.05755 1.60000 194 12 5
-0.10014 -0.03901 -1.60000 194 12 5
1.60000 1.15616 -1.56009 0 202 46
-1.60000 1.48186 -1.57089 0 202 46
0.36191 2.20000 -1.59073 0 202 46
-0.71458 0.00000 -1.59913 0 202 46
-1.54251 1.18012 -1.52000 0 202 46
0.89525 0.23138 -1.60000 0 202 46
1.60000 2.01862 -1.57681 0 202 46
-1.60000 1.64552 -1.57085 0 202 46
-0.83102 2.20000 -1.52646 0 202 46
-0.52505 0.00000 -1.56601 0 202 46
1.20986 0.87592 -1.52000 0 202 46
0.87046 0.16292 -1.60000 0 202 46
1.60000 0.30041 -1.54900 0 202 46
-1.60000 0.17979 -1.58019 0 202 46
-0.38909 2.20000 -1.52405 0 202 46
-1.00754 0.00000 -1.54162 0 202 46
-1.05182 0.90505 -1.52000 0 202 46
-1.07744 1.70175 -1.60000 0 202 46
1.60000 0.87504 -1.58693 0 202 46
-1.60000 1.36919 -1.56051 0 202 46
-1.08960 2.20000 -1.56268 0 202 46
-0.77854 0.00000 -1.53298 0 202 46
0.76124 1.02229 -1.52000 0 202 46
-1.27674 0.90809 -1.60000 0 202 46
1.60000 0.15752 -1.57797 0 202 46
-1.60000 0.76627 -1.52762 0 202 46
-1.38161 2.20000 -1.57659 0 202 46
-0.08225 0.00000 -1.59182 0 202 46
-0.09088 0.88512 -1.52000 0 202 46
0.25655 0.69999 -1.60000 0 202 46
1.60000 0.86064 -1.58353 0 202 46
-1.60000 0.52015 -1.58187 0 202 46
0.77307 2.20000 -1.59064 0 202 46
-1.48456 0.00000 -1.57626 0 202 46
0.56646 0.26754 -1.52000 0 202 46
0.08550 0.84829 -1.60000 0 202 46
1.60000 1.76604 -1.57865 0 202 46
-1.60000 1.37449 -1.56407 0 202 46
-1.56397 2.20000 -1.59692 0 202 46
1.18570 0.00000 -1.52214 0 202 46
0.09054 0.17129 -1.52000 0 202 46
1.02390 1.01616 -1.60000 0 202 46
1.60000 0.62850 -1.52985 0 202 46
-1.60000 1.06939 -1.55503 0 202 46
0.38152 2.20000 -1.53039 0 202 46
0.01765 0.00000 -1.58696 0 202 46
1.21123 1.18741 -1.52000 0 202 46
-0.63828 1.50167 -1.60000 0 202 46
1.60000 0.89726 -1.54353 0 202 46
-1.60000 1.22172 -1.52754 0 202 46
1.31966 2.20000 -1.53992 0 202 46
-0.12084 0.00000 -1.58797 0 202 46
-0.75910 0.70257 -1.52000 0 202 46
-1.14355 0.76545 -1.60000 0 202 46
1.60000 0.98904 -1.56916 0 202 46
-1.60000 0.33499 -1.55279 0 202 46
0.50550 2.20000 -1.53940 0 202 46
0.21300 0.00000 -1.59862 0 202 46
-0.04511 0.24123 -1.52000 0 202 46
0.20847 0.07306 -1.60000 0 202 46
1.60000 0.99298 -1.56124 0 202 46
-1.60000 0.87260 -1.59248 0 202 46
0.86924 2.20000 -1.55375 0 202 46
1.17747 0.00000 -1.55194 0 202 46
-0.41151 0.10387 -1.52000 0 202 46
1.21477 0.26667 -1.60000 0 202 46
1.60000 0.44120 -1.56075 0 202 46
-1.60000 1.33132 -1.58413 0 202 46
0.13689 2.20000 -1.54634 0 202 46
0.91310 0.00000 -1.56720 0 202 46
1.05951 0.80364 -1.52000 0 202 46
-0.21198 1.82044 -1.60000 0 202 46
1.60000 1.19331 -1.59538 0 202 46
-1.60000 0.17996 -1.58897 0 202 46
-0.76058 2.20000 -1.58831 0 202 46
0.65812 0.00000 -1.55913 0 202 46
-0.96286 1.50307 -1.52000 0 202 46
-0.38700 0.51219 -1.60000 0 202 46
1.60000 0.83410 -1.53417 0 202 46
-1.60000 1.17202 -1.58890 0 202 46
-1.58565 2.20000 -1.57513 0 202 46
-1.20873 0.00000 -1.55522 0 202 46
0.53724 1.37788 -1.52000 0 202 46
1.46438 1.57154 -1.60000 0 202 46
1.60000 1.01871 -1.54050 0 202 46
-1.60000 1.02532 -1.52210 0 202 46
1.14085 2.20000 -1.59238 0 202 46
-0.74326 0.00000 -1.56468 0 202 46
-0.99171 1.80514 -1.52000 0 202 46
-0.43627 2.13548 -1.60000 0 202 46
1.60000 1.46360 -1.58412 0 202 46
-1.60000 1.71086 -1.58172 0 202 46
1.01631 2.20000 -1.55562 0 202 46
0.74355 0.00000 -1.55064 0 202 46
-0.11843 0.20208 -1.52000 0 202 46
-0.41629 1.81127 -1.60000 0 202 46
1.60000 0.45148 -1.59408 0 202 46
-1.60000 1.55043 -1.56900 0 202 46
1.55483 2.20000 -1.59835 0 202 46
0.71316 0.00000 -1.52983 0 202 46
0.53567 1.19759 -1.52000 0 202 46
0.18108 1.34323 -1.60000 0 202 46
1.60000 0.86985 -1.59667 0 202 46
-1.60000 1.27123 -1.59311 0 202 46
-0.07420 2.20000 -1.53643 0 202 46
-0.34033 0.00000 -1.57313 0 202 46
-0.77201 1.93694 -1.52000 0 202 46
-0.76700 0.75962 -1.60000 0 202 46
1.60000 2.10481 -1.58876 0 202 46
-1.60000 0.72160 -1.58425 0 202 46
-0.38218 2.20000 -1.58217 0 202 46
-0.62118 0.00000 -1.54156 0 202 46
-0.26939 1.33273 -1.52000 0 202 46
-0.32219 0.21520 -1.60000 0 202 46
1.60000 2.03759 -1.59928 0 202 46
-1.60000 0.27352 -1.55478 0 202 46
-0.74282 2.20000 -1.55645 0 202 46
0.18441 0.00000 -1.56089 0 202 46
0.03627 2.13635 -1.52000 0 202 46
1.55079 0.33063 -1.60000 0 202 46
1.60000 0.94732 -1.52491 0 202 46
-1.60000 0.10419 -1.53812 0 202 46
-0.76509 2.20000 -1.59183 0 202 46
-0.16094 0.00000 -1.53780 0 202 46
0.11405 2.10748 -1.52000 0 202 46
-0.37504 0.60931 -1.60000 0 202 46
1.60000 0.10306 -1.55489 0 202 46
-1.60000 0.30005 -1.56920 0 202 46
-0.03818 2.20000 -1.55680 0 202 46
0.14577 0.00000 -1.55900 0 202 46
-1.03823 0.85570 -1.52000 0 202 46
-0.56152 0.43672 -1.60000 0 202 46
1.60000 1.53614 -1.55103 0 202 46
-1.60000 0.37739 -1.57202 0 202 46
1.44295 2.20000 -1.55253 0 202 46
-0.51680 0.00000 -1.52516 0 202 46
-1.44465 0.58755 -1.52000 0 202 46
-0.16921 0.94666 -1.60000 0 202 46
1.60000 0.92497 -1.52211 0 202 46
-1.60000 0.97440 -1.56369 0 202 46
0.88231 2.20000 -1.58798 0 202 46
-0.32901 0.00000 -1.53480 0 202 46
-1.34017 0.68466 -1.52000 0 202 46
-0.77942 0.49295 -1.60000 0 202 46
1.60000 2.15237 -1.56027 0 202 46
-1.60000 0.10878 -1.53738 0 202 46
0.62020 2.20000 -1.52147 0 202 46
-1.51862 0.00000 -1.56611 0 202 46
0.51991 0.69107 -1.52000 0 202 46
0.54502 1.92548 -1.60000 0 202 46
1.60000 0.50944 -1.55439 0 202 46
-1.60000 2.11963 -1.56464 0 202 46
-1.39870 2.20000 -1.55099 0 202 46
-0.36711 0.00000 -1.58397 0 202 46
-0.11413 2.10125 -1.52000 0 202 46
-0.74812 0.92385 -1.60000 0 202 46
1.60000 0.54644 -1.57337 0 202 46
-1.60000 1.48555 -1.55307 0 202 46
0.42816 2.20000 -1.57591 0 202 46
-1.36022 0.00000 -1.59220 0 202 46
0.35179 0.66116 -1.52000 0 202 46
-1.15296 1.87413 -1.60000 0 202 46
1.60000 0.17716 -1.57504 0 202 46
-1.60000 0.54073 -1.52039 0 202 46
0.54616 2.20000 -1.53778 0 202 46
1.54915 0.00000 -1.57820 0 202 46
0.18853 0.96808 -1.52000 0 202 46
0.98655 1.67469 -1.60000 0 202 46
1.60000 0.03889 -1.56429 0 202 46
-1.60000 0.78563 -1.58629 0 202 46
0.38858 2.20000 -1.52172 0 202 46
0.31188 0.00000 -1.52439 0 202 46
0.87854 2.14904 -1.52000 0 202 46
-0.34956 1.45182 -1.60000 0 202 46
1.60000 1.76981 -1.59183 0 202 46
-1.60000 0.68407 -1.59941 0 202 46
-1.05084 2.20000 -1.59201 0 202 46
-1.42903 0.00000 -1.58681 0 202 46
1.42210 0.52205 -1.52000 0 202 46
1.10902 0.30641 -1.60000 0 202 46
1.60000 1.51789 -1.55599 0 202 46
-1.60000 1.22959 -1.57681 0 202 46
0.81236 2.20000 -1.58983 0 202 46
0.67129 0.00000 -1.54474 0 202 46
-0.96258 1.15455 -1.52000 0 202 46
-0.28049 2.08546 -1.60000 0 202 46
1.60000 0.22260 -1.53635 0 202 46
-1.60000 1.25166 -1.53869 0 202 46
0.65273 2.20000 -1.54687 0 202 46
0.49656 0.00000 -1.57261 0 202 46
1.07265 0.32858 -1.52000 0 202 46
-1.54573 2.01318 -1.60000 0 202 46
1.60000 1.25526 -1.55127 0 202 46
-1.60000 1.34465 -1.56953 0 202 46
-0.29388 2.20000 -1.56390 0 202 46
0.78393 0.00000 -1.52881 0 202 46
1.19181 1.61062 -1.52000 0 202 46
-0.80370 1.70309 -1.60000 0 202 46
1.60000 0.27970 -1.56698 0 202 46
-1.60000 2.16303 -1.56419 0 202 46
0.48669 2.20000 -1.53925 0 202 46
-1.08491 0.00000 -1.55670 0 202 46
0.50754 0.68420 -1.52000 0 202 46
0.17791 1.34365 -1.60000 0 202 46
1.60000 2.02048 -1.57212 0 202 46
-1.60000 1.38801 -1.55489 0 202 46
0.51856 2.20000 -1.59104 0 202 46
1.25203 0.00000 -1.56469 0 202 46
-1.05076 1.95536 -1.52000 0 202 46
0.61680 1.66974 -1.60000 0 202 46
1.60000 0.31043 -1.52051 0 202 46
-1.60000 0.72265 -1.54287 0 202 46
-1.27526 2.20000 -1.53719 0 202 46
0.16421 0.00000 -1.58872 0 202 46
0.49811 0.20301 -1.52000 0 202 46
-1.30382 1.47045 -1.60000 0 202 46
1.60000 0.03841 -1.52838 0 202 46
-1.60000 0.90891 -1.58972 0 202 46
0.77651 2.20000 -1.55136 0 202 46
0.15194 0.00000 -1.54980 0 202 46
0.72262 0.02169 -1.52000 0 202 46
-0.33958 1.86880 -1.60000 0 202 46
1.60000 1.51824 -1.59868 0 202 46
-1.60000 1.37610 -1.59569 0 202 46
1.38199 2.20000 -1.52205 0 202 46
0.16055 0.00000 -1.59344 0 202 46
1.53957 0.72757 -1.52000 0 202 46
0.96209 0.61446 -1.60000 0 202 46
1.60000 0.81502 -1.57335 0 202 46
-1.60000 0.90984 -1.52230 0 202 46
-1.55569 2.20000 -1.54934 0 202 46
0.27337 0.00000 -1.53725 0 202 46
-1.16108 0.17794 -1.52000 0 202 46
0.41597 0.02095 -1.60000 0 202 46
1.60000 0.40281 -1.58810 0 202 46
-1.60000 1.80229 -1.56506 0 202 46
-1.40473 2.20000 -1.57645 0 202 46
-1.49914 0.00000 -1.53834 0 202 46
-1.40831 0.38349 -1.52000 0 202 46
0.98952 2.08608 -1.60000 0 202 46
1.60000 1.01853 -1.59333 0 202 46
-1.60000 1.77779 -1.53461 0 202 46
-0.38587 2.20000 -1.58696 0 202 46
-0.43763 0.00000 -1.59679 0 202 46
-1.40016 1.11474 -1.52000 0 202 46
-0.59824 1.61720 -1.60000 0 202 46
1.60000 1.38886 -1.56182 0 202 46
-1.60000 0.50643 -1.57350 0 202 46
1.51982 2.20000 -1.58374 0 202 46
-0.89863 0.00000 -1.57237 0 202 46
-1.23240 0.21190 -1.52000 0 202 46
-1.45032 1.55113 -1.60000 0 202 46
1.60000 0.42452 -1.56039 0 202 46
-1.60000 2.00193 -1.57822 0 202 46
-1.32607 2.20000 -1.59431 0 202 46
-0.51624 0.00000 -1.56691 0 202 46
0.31404 1.37077 -1.52000 0 202 46
0.27197 0.22001 -1.60000 0 202 46
1.60000 0.70921 -1.54453 0 202 46
-1.60000 0.01958 -1.55412 0 202 46
0.24172 2.20000 -1.57973 0 202 46
0.00382 0.00000 -1.55434 0 202 46
-0.26451 0.30908 -1.52000 0 202 46
-1.50070 1.34963 -1.60000 0 202 46
1.60000 1.59350 -1.53989 0 202 46
-1.60000 1.58971 -1.58109 0 202 46
1.57759 2.20000 -1.57928 0 202 46
-1.21963 0.00000 -1.56257 0 202 46
0.56887 1.90133 -1.52000 0 202 46
-0.54808 1.06890 -1.60000 0 202 46
1.60000 0.30201 -1.59779 0 202 46
-1.60000 0.71897 -1.59197 0 202 46
-0.96187 2.20000 -1.59346 0 202 46
-0.20185 0.00000 -1.54181 0 202 46
-0.73002 1.21369 -1.52000 0 202 46
-0.37599 1.71686 -1.60000 0 202 46
1.60000 0.57328 -1.59541 0 202 46
-1.60000 1.58430 -1.52585 0 202 46
-0.50671 2.20000 -1.57530 0 202 46
0.89251 0.00000 -1.53747 0 202 46
1.44842 0.55940 -1.52000 0 202 46
-1.50303 1.93075 -1.60000 0 202 46
1.60000 1.91051 -1.53978 0 202 46
-1.60000 1.57817 -1.54471 0 202 46
-1.12574 2.20000 -1.59080 0 202 46
-1.45070 0.00000 -1.54973 0 202 46
0.18503 1.63348 -1.52000 0 202 46
-1.20502 1.28422 -1.60000 0 202 46
1.60000 0.33766 -1.58121 0 202 46
-1.60000 1.81371 -1.54894 0 202 46
-1.10940 2.20000 -1.57594 0 202 46
-0.31006 0.00000 -1.54725 0 202 46
1.11360 1.93852 -1.52000 0 202 46
1.59575 1.76067 -1.60000 0 202 46
1.60000 1.65575 -1.53175 0 202 46
-1.60000 0.13022 -1.56132 0 202 46
-1.00567 2.20000 -1.57072 0 202 46
0.65824 0.00000 -1.55178 0 202 46
-0.26930 0.46026 -1.52000 0 202 46
-0.95200 1.21136 -1.60000 0 202 46
1.60000 0.34390 -1.57157 0 202 46
-1.60000 1.48977 -1.57287 0 202 46
-1.12476 2.20000 -1.57232 0 202 46
0.12491 0.00000 -1.58515 0 202 46
-0.50053 1.67146 -1.52000 0 202 46
-0.36436 0.26036 -1.60000 0 202 46
1.60000 0.62374 -1.56959 0 202 46
-1.60000 1.94798 -1.57214 0 202 46
-0.54630 2.20000 -1.55674 0 202 46
-0.74716 0.00000 -1.53946 0 202 46
1.30534 0.89355 -1.52000 0 202 46
0.66824 1.97464 -1.60000 0 202 46
1.60000 1.62885 -1.59937 0 202 46
-1.60000 1.38922 -1.56993 0 202 46
0.09845 2.20000 -1.56630 0 202 46
1.48289 0.00000 -1.56874 0 202 46
-1.22612 1.64311 -1.52000 0 202 46
0.68683 0.07649 -1.60000 0 202 46
1.60000 1.74246 -1.58218 0 202 46
-1.60000 1.97481 -1.54501 0 202 46
0.19669 2.20000 -1.53281 0 202 46
-0.21513 0.00000 -1.59304 0 202 46
0.97865 1.51162 -1.52000 0 202 46
0.15520 0.57967 -1.60000 0 202 46
1.60000 0.11769 -1.54621 0 202 46
-1.60000 0.19262 -1.59608 0 202 46
-0.13784 2.20000 -1.56445 0 202 46
0.65849 0.00000 -1.54576 0 202 46
-1.48139 1.70650 -1.52000 0 202 46
-0.40559 2.03417 -1.60000 0 202 46
1.60000 1.98007 -1.52805 0 202 46
-1.60000 0.79289 -1.56395 0 202 46
0.47904 2.20000 -1.53785 0 202 46
0.37545 0.00000 -1.55438 0 202 46
-0.70961 1.65192 -1.52000 0 202 46
-1.31105 1.64847 -1.60000 0 202 46
1.60000 1.55769 -1.55240 0 202 46
-1.60000 0.91186 -1.59908 0 202 46
-0.39090 2.20000 -1.52492 0 202 46
-1.22864 0.00000 -1.53387 0 202 46
-1.21134 1.03310 -1.52000 0 202 46
1.48366 0.16736 -1.60000 0 202 46
1.60000 1.61014 -1.52994 0 202 46
-1.60000 0.67782 -1.59955 0 202 46
0.50292 2.20000 -1.54655 0 202 46
0.45420 0.00000 -1.54449 0 202 46
1.52543 0.65893 -1.52000 0 202 46
-0.49348 0.71666 -1.60000 0 202 46
1.60000 1.51091 -1.56801 0 202 46
-1.60000 0.73837 -1.59005 0 202 46
0.86711 2.20000 -1.54163 0 202 46
-1.26351 0.00000 -1.59577 0 202 46
-0.74688 0.50690 -1.52000 0 202 46
-1.58787 1.69467 -1.60000 0 202 46
1.60000 1.75180 -1.53118 0 202 46
-1.60000 1.99415 -1.59995 0 202 46
-1.34869 2.20000 -1.55631 0 202 46
-0.12500 0.00000 -1.58368 0 202 46
1.38030 0.13494 -1.52000 0 202 46
0.06079 0.61354 -1.60000 0 202 46
1.60000 0.71517 -1.54067 0 202 46
-1.60000 0.19602 -1.57531 0 202 46
-0.76968 2.20000 -1.59983 0 202 46
0.52287 0.00000 -1.53623 0 202 46
-1.07392 1.95892 -1.52000 0 202 46
-0.57265 0.85146 -1.60000 0 202 46
1.60000 1.09012 -1.58820 0 202 46
-1.60000 0.45691 -1.54511 0 202 46
-1.01549 2.20000 -1.55854 0 202 46
0.69852 0.00000 -1.56817 0 202 46
0.65086 0.00245 -1.52000 0 202 46
-1.20004 1.03607 -1.60000 0 202 46
1.60000 0.87485 -1.54548 0 202 46
-1.60000 0.32445 -1.53791 0 202 46
0.56262 2.20000 -1.56191 0 202 46
1.58569 0.00000 -1.55970 0 202 46
-1.50220 0.13909 -1.52000 0 202 46
-0.97480 1.60540 -1.60000 0 202 46
1.60000 0.41541 -1.54215 0 202 46
-1.60000 1.37004 -1.54019 0 202 46
-0.45819 2.20000 -1.58108 0 202 46
-1.48292 0.00000 -1.57880 0 202 46
0.33936 0.37254 -1.52000 0 202 46
0.90040 1.86631 -1.60000 0 202 46
1.60000 1.99736 -1.54126 0 202 46
-1.60000 0.77394 -1.52871 0 202 46
1.03417 2.20000 -1.59802 0 202 46
0.86112 0.00000 -1.54279 0 202 46
1.53962 1.17675 -1.52000 0 202 46
0.82508 1.80173 -1.60000 0 202 46
1.60000 1.58611 -1.53198 0 202 46
-1.60000 0.17303 -1.53683 0 202 46
0.19373 2.20000 -1.52568 0 202 46
-0.79608 0.00000 -1.59413 0 202 46
0.22993 0.13074 -1.52000 0 202 46
-0.35356 1.38469 -1.60000 0 202 46
1.60000 1.84018 -1.57028 0 202 46
-1.60000 1.98969 -1.54124 0 202 46
0.18009 2.20000 -1.57261 0 202 46
-0.79272 0.00000 -1.53077 0 202 46
0.92316 0.72088 -1.52000 0 202 46
0.18994 1.57928 -1.60000 0 202 46
1.60000 1.19877 -1.52123 0 202 46
-1.60000 0.15858 -1.55700 0 202 46
-0.17964 2.20000 -1.58437 0 202 46
1.36321 0.00000 -1.57802 0 202 46
-1.22930 1.60264 -1.52000 0 202 46
-1.12647 1.12379 -1.60000 0 202 46
1.60000 1.82594 -1.52400 0 202 46
-1.60000 1.60526 -1.52431 0 202 46
0.58500 2.20000 -1.53368 0 202 46
1.25036 0.00000 -1.57155 0 202 46
0.80772 0.46728 -1.52000 0 202 46
-0.81204 1.63087 -1.60000 0 202 46
1.60000 1.20234 -1.57220 0 202 46
-1.60000 1.60481 -1.56305 0 202 46
-1.03756 2.20000 -1.58885 0 202 46
-0.75909 0.00000 -1.56053 0 202 46
-1.49640 0.26333 -1.52000 0 202 46
0.04059 0.27609 -1.60000 0 202 46
1.60000 1.77628 -1.57046 0 202 46
-1.60000 1.58544 -1.54326 0 202 46
-1.42166 2.20000 -1.56707 0 202 46
1.15078 0.00000 -1.54391 0 202 46
-1.18738 1.35034 -1.52000 0 202 46
1.08230 2.12452 -1.60000 0 202 46
1.60000 1.26801 -1.57076 0 202 46
-1.60000 2.07176 -1.52175 0 202 46
-1.54173 2.20000 -1.54710 0 202 46
1.48546 0.00000 -1.59234 0 202 46
1.07816 2.03241 -1.52000 0 202 46
-0.28185 0.38586 -1.60000 0 202 46
1.60000 0.45225 -1.57440 0 202 46
-1.60000 0.62761 -1.54539 0 202 46
-0.32970 2.20000 -1.59491 0 202 46
-0.87651 0.00000 -1.58128 0 202 46
0.94954 1.36016 -1.52000 0 202 46
-0.69117 1.69731 -1.60000 0 202 46
1.60000 0.09123 -1.57628 0 202 46
-1.60000 0.34439 -1.55327 0 202 46
-0.31979 2.20000 -1.56392 0 202 46
0.87830 0.00000 -1.55048 0 202 46
1.57976 0.33249 -1.52000 0 202 46
0.55250 2.15584 -1.60000 0 202 46
1.60000 1.18961 -1.52736 0 202 46
-1.60000 1.00702 -1.56368 0 202 46
-0.48391 2.20000 -1.54265 0 202 46
0.94925 0.00000 -1.54055 0 202 46
-0.13400 1.92943 -1.52000 0 202 46
-0.94917 1.27959 -1.60000 0 202 46
1.60000 0.13157 -1.52760 0 202 46
-1.60000 0.61551 -1.52424 0 202 46
0.12941 2.20000 -1.55248 0 202 46
-0.38111 0.00000 -1.52833 0 202 46
1.26072 1.08960 -1.52000 0 202 46
1.21225 1.54132 -1.60000 0 202 46
1.60000 1.00485 -1.55791 0 202 46
-1.60000 0.93772 -1.55032 0 202 46
-0.46151 2.20000 -1.53384 0 202 46
0.97101 0.00000 -1.58063 0 202 46
-0.36657 1.42663 -1.52000 0 202 46
-0.99664 1.87298 -1.60000 0 202 46
1.60000 0.12104 -1.55692 0 202 46
-1.60000 0.90815 -1.52844 0 202 46
-1.17523 2.20000 -1.53315 0 202 46
-0.31227 0.00000 -1.58184 0 202 46
1.02598 1.29498 -1.52000 0 202 46
-0.54468 2.16402 -1.60000 0 202 46
1.60000 0.06076 -1.59228 0 202 46
-1.60000 1.27886 -1.55207 0 202 46
-0.92843 2.20000 -1.58170 0 202 46
1.52476 0.00000 -1.52337 0 202 46
-0.57509 1.42078 -1.52000 0 202 46
0.50953 1.27869 -1.60000 0 202 46
1.60000 0.21539 -1.54588 0 202 46
-1.60000 1.28511 -1.57079 0 202 46
0.97355 2.20000 -1.58286 0 202 46
-0.61153 0.00000 -1.56138 0 202 46
-0.05213 1.12014 -1.52000 0 202 46
0.19905 1.44915 -1.60000 0 202 46
1.60000 0.74284 -1.59530 0 202 46
-1.60000 0.27030 -1.58400 0 202 46
1.44970 2.20000 -1.58126 0 202 46
-1.14716 0.00000 -1.57290 0 202 46
-0.61084 1.41232 -1.52000 0 202 46
-0.91927 1.80273 -1.60000 0 202 46
1.60000 0.26188 -1.54297 0 202 46
-1.60000 1.47794 -1.58392 0 202 46
1.07785 2.20000 -1.54935 0 202 46
-0.65350 0.00000 -1.56204 0 202 46
-0.69888 0.38149 -1.52000 0 202 46
-0.65840 1.44396 -1.60000 0 202 46
1.60000 1.20132 -1.53714 0 202 46
-1.60000 0.10164 -1.59819 0 202 46
0.42073 2.20000 -1.54315 0 202 46
-0.72429 0.00000 -1.59633 0 202 46
0.94724 0.86054 -1.52000 0 202 46
-1.06757 1.76175 -1.60000 0 202 46
1.60000 0.29894 -1.57802 0 202 46
-1.60000 0.36804 -1.55740 0 202 46
0.33926 2.20000 -1.59824 0 202 46
0.91069 0.00000 -1.55224 0 202 46
-1.39454 0.74196 -1.52000 0 202 46
-0.49988 1.70751 -1.60000 0 202 46
1.60000 1.15254 -1.59790 0 202 46
-1.60000 1.07369 -1.52748 0 202 46
-0.32379 2.20000 -1.58393 0 202 46
0.02211 0.00000 -1.54324 0 202 46
-1.02794 0.11506 -1.52000 0 202 46
-0.71379 1.50426 -1.60000 0 202 46
1.60000 1.58677 -1.54881 0 202 46
-1.60000 2.08267 -1.55275 0 202 46
1.14012 2.20000 -1.52581 0 202 46
1.30803 0.00000 -1.57200 0 202 46
-0.55232 1.40468 -1.52000 0 202 46
-1.30924 1.26723 -1.60000 0 202 46
1.60000 1.74743 -1.52305 0 202 46
-1.60000 0.45014 -1.55786 0 202 46
0.85546 2.20000 -1.55262 0 202 46
-1.51734 0.00000 -1.55320 0 202 46
0.11938 0.13034 -1.52000 0 202 46
-1.49176 1.00151 -1.60000 0 202 46
1.60000 0.01910 -1.59315 0 202 46
-1.60000 1.22792 -1.59809 0 202 46
1.22640 2.20000 -1.53311 0 202 46
-0.20277 0.00000 -1.52653 0 202 46
-0.72088 1.14065 -1.52000 0 202 46
0.63384 0.06207 -1.60000 0 202 46
1.60000 0.59019 -1.58982 0 202 46
-1.60000 1.68837 -1.57656 0 202 46
-0.28579 2.20000 -1.58441 0 202 46
1.48313 0.00000 -1.54152 0 202 46
0.47116 1.29424 -1.52000 0 202 46
-1.32815 1.19274 -1.60000 0 202 46
1.60000 1.54291 -1.56074 0 202 46
-1.60000 2.13989 -1.56195 0 202 46
-1.37045 2.20000 -1.53761 0 202 46
-1.35724 0.00000 -1.52633 0 202 46
0.27604 1.81210 -1.52000 0 202 46
1.23908 0.69068 -1.60000 0 202 46
1.60000 1.25105 -1.53262 0 202 46
-1.60000 0.49821 -1.53082 0 202 46
1.51582 2.20000 -1.56721 0 202 46
-0.34410 0.00000 -1.55272 0 202 46
0.86853 0.50315 -1.52000 0 202 46
-0.99028 1.19188 -1.60000 0 202 46
1.60000 0.94553 -1.57385 0 202 46
-1.60000 1.10535 -1.55550 0 202 46
-0.41612 2.20000 -1.58986 0 202 46
-1.16251 0.00000 -1.57979 0 202 46
-0.19254 0.42556 -1.52000 0 202 46
1.16729 0.43442 -1.60000 0 202 46
1.60000 1.12468 -1.54075 0 202 46
-1.60000 1.10475 -1.52574 0 202 46
1.38219 2.20000 -1.56413 0 202 46
-1.33684 0.00000 -1.55941 0 202 46
-0.50319 1.44798 -1.52000 0 202 46
-1.50052 1.70856 -1.60000 0 202 46
1.60000 1.33658 -1.56798 0 202 46
-1.60000 0.84777 -1.53057 0 202 46
1.51224 2.20000 -1.59114 0 202 46
-0.92717 0.00000 -1.53127 0 202 46
0.60856 0.79238 -1.52000 0 202 46
1.41192 1.22569 -1.60000 0 202 46
1.60000 2.00070 -1.58775 0 202 46
-1.60000 2.02066 -1.52712 0 202 46
0.18293 2.20000 -1.54020 0 202 46
1.47957 0.00000 -1.52570 0 202 46
-0.58503 0.16548 -1.52000 0 202 46
-1.48499 1.86116 -1.60000 0 202 46
1.60000 1.43836 -1.55085 0 202 46
-1.60000 0.14953 -1.56588 0 202 46
-0.51659 2.20000 -1.52394 0 202 46
-0.57189 0.00000 -1.54603 0 202 46
-1.41049 1.33598 -1.52000 0 202 46
0.86478 2.12802 -1.60000 0 202 46
1.60000 0.82029 -1.56935 0 202 46
-1.60000 2.03177 -1.56730 0 202 46
1.24374 2.20000 -1.57215 0 202 46
0.47344 0.00000 -1.55222 0 202 46
-1.02023 2.10036 -1.52000 0 202 46
-0.10213 1.02048 -1.60000 0 202 46
1.60000 0.91219 -1.52761 0 202 46
-1.60000 1.33480 -1.55030 0 202 46
-0.11386 2.20000 -1.56096 0 202 46
-0.21048 0.00000 -1.58531 0 202 46
0.79062 0.96937 -1.52000 0 202 46
0.01227 0.68921 -1.60000 0 202 46
1.60000 1.91312 -1.57464 0 202 46
-1.60000 1.11934 -1.56232 0 202 46
0.77507 2.20000 -1.58213 0 202 46
-0.03009 0.00000 -1.52894 0 202 46
1.02058 0.36959 -1.52000 0 202 46
1.07021 0.37053 -1.60000 0 202 46
1.60000 1.12315 -1.53499 0 202 46
-1.60000 0.82058 -1.55232 0 202 46
-1.49576 2.20000 -1.56633 0 202 46
1.33876 0.00000 -1.58405 0 202 46
1.53939 0.73477 -1.52000 0 202 46
-1.10843 1.24569 -1.60000 0 202 46
1.60000 2.10540 -1.58021 0 202 46
-1.60000 1.15157 -1.57369 0 202 46
-1.56478 2.20000 -1.56123 0 202 46
-0.67285 0.00000 -1.58965 0 202 46
-1.25394 0.95074 -1.52000 0 202 46
0.53361 0.09734 -1.60000 0 202 46
1.60000 0.10201 -1.53258 0 202 46
-1.60000 1.62877 -1.58852 0 202 46
0.97485 2.20000 -1.56558 0 202 46
-0.48590 0.00000 -1.57271 0 202 46
1.28325 0.00039 -1.52000 0 202 46
1.18847 1.51351 -1.60000 0 202 46
1.60000 0.04251 -1.59614 0 202 46
-1.60000 1.38869 -1.54080 0 202 46
1.30191 2.20000 -1.56333 0 202 46
0.16920 0.00000 -1.55880 0 202 46
0.31293 1.33392 -1.52000 0 202 46
-0.13114 1.32009 -1.60000 0 202 46
1.60000 1.97780 -1.54410 0 202 46
-1.60000 1.84258 -1.53920 0 202 46
0.18720 2.20000 -1.58753 0 202 46
0.55402 0.00000 -1.56025 0 202 46
-1.44609 0.45848 -1.52000 0 202 46
0.24423 1.45612 -1.60000 0 202 46
1.60000 1.52998 -1.54979 0 202 46
-1.60000 0.02241 -1.52612 0 202 46
0.92948 2.20000 -1.59403 0 202 46
0.29752 0.00000 -1.53502 0 202 46
0.37302 0.46925 -1.52000 0 202 46
0.97043 1.81394 -1.60000 0 202 46
1.60000 2.15666 -1.59859 0 202 46
-1.60000 2.06563 -1.59984 0 202 46
-1.57092 2.20000 -1.52449 0 202 46
0.73696 0.00000 -1.59114 0 202 46
-1.31233 0.83026 -1.52000 0 202 46
-1.35499 0.55172 -1.60000 0 202 46
1.60000 1.48031 -1.59295 0 202 46
-1.60000 1.87112 -1.59798 0 202 46
-0.19854 2.20000 -1.59526 0 202 46
0.95195 0.00000 -1.57475 0 202 46
-1.13100 0.77883 -1.52000 0 202 46
1.54970 2.08048 -1.60000 0 202 46
1.60000 0.83540 -1.56870 0 202 46
-1.60000 0.89387 -1.56898 0 202 46
1.33768 2.20000 -1.57985 0 202 46
-0.93780 0.00000 -1.54838 0 202 46
1.07871 0.64681 -1.52000 0 202 46
-1.29069 0.63927 -1.60000 0 202 46
1.60000 2.18604 -1.58325 0 202 46
-1.60000 0.06782 -1.54128 0 202 46
0.10278 2.20000 -1.59134 0 202 46
0.35968 0.00000 -1.52922 0 202 46
-0.34506 2.02359 -1.52000 0 202 46
-0.05109 1.30270 -1.60000 0 202 46
1.60000 1.95845 -1.57770 0 202 46
-1.60000 1.27504 -1.53325 0 202 46
-1.56144 2.20000 -1.58451 0 202 46
-0.13263 0.00000 -1.55341 0 202 46
0.38485 0.49524 -1.52000 0 202 46
-1.50060 0.47749 -1.60000 0 202 46
1.60000 1.18886 -1.55971 0 202 46
-1.60000 1.49610 -1.52127 0 202 46
0.15209 2.20000 -1.53438 0 202 46
0.09465 0.00000 -1.57171 0 202 46
-0.40139 0.70332 -1.52000 0 202 46
0.71357 0.90491 -1.60000 0 202 46
1.60000 0.27795 -1.54642 0 202 46
-1.60000 0.75393 -1.53472 0 202 46
-1.44710 2.20000 -1.58726 0 202 46
-0.39211 0.00000 -1.59581 0 202 46
0.65786 0.30884 -1.52000 0 202 46
1.57835 1.37083 -1.60000 0 202 46
1.60000 0.78681 -1.59054 0 202 46
-1.60000 2.13595 -1.57869 0 202 46
0.86641 2.20000 -1.59576 0 202 46
-1.17241 0.00000 -1.59829 0 202 46
-1.11027 1.80749 -1.52000 0 202 46
-1.35589 0.69962 -1.60000 0 202 46
1.60000 1.47106 -1.56448 0 202 46
-1.60000 1.20962 -1.53169 0 202 46
1.17390 2.20000 -1.54795 0 202 46
1.44853 0.00000 -1.56718 0 202 46
-0.28670 0.41556 -1.52000 0 202 46
-0.93002 0.33973 -1.60000 0 202 46
1.60000 1.67735 -1.53912 0 202 46
-1.60000 1.64298 -1.58378 0 202 46
0.16722 2.20000 -1.56663 0 202 46
-1.36183 0.00000 -1.58384 0 202 46
1.44309 0.64992 -1.52000 0 202 46
-1.51873 1.56189 -1.60000 0 202 46
1.60000 0.30469 -1.52525 0 202 46
-1.60000 1.27218 -1.55757 0 202 46
-0.24948 2.20000 -1.56186 0 202 46
-0.50974 0.00000 -1.52617 0 202 46
-1.02408 2.04586 -1.52000 0 202 46
1.35971 1.97981 -1.60000 0 202 46
1.60000 0.01607 -1.58875 0 202 46
-1.60000 0.53780 -1.57600 0 202 46
1.13107 2.20000 -1.53959 0 202 46
0.91508 0.00000 -1.56966 0 202 46
-1.05350 0.19526 -1.52000 0 202 46
0.27716 0.91011 -1.60000 0 202 46
1.60000 0.65259 -1.55948 0 202 46
-1.60000 0.77387 -1.52412 0 202 46
1.23719 2.20000 -1.56813 0 202 46
-0.60468 0.00000 -1.59685 0 202 46
1.04703 1.67748 -1.52000 0 202 46
0.98505 0.74906 -1.60000 0 202 46
1.60000 1.31714 -1.58128 0 202 46
-1.60000 1.26768 -1.59859 0 202 46
-1.45461 2.20000 -1.54193 0 202 46
1.11558 0.00000 -1.59240 0 202 46
0.56208 1.39655 -1.52000 0 202 46
0.94440 0.66825 -1.60000 0 202 46
1.60000 1.86929 -1.53982 0 202 46
-1.60000 1.34820 -1.55513 0 202 46
1.06435 2.20000 -1.52474 0 202 46
1.26450 0.00000 -1.59403 0 202 46
1.11913 0.91015 -1.52000 0 202 46
-0.22023 2.02820 -1.60000 0 202 46
1.60000 0.12287 -1.53029 0 202 46
-1.60000 1.89043 -1.59686 0 202 46
-0.78695 2.20000 -1.53898 0 202 46
0.59659 0.00000 -1.58564 0 202 46
1.49816 0.94620 -1.52000 0 202 46
0.69634 0.00536 -1.60000 0 202 46
1.60000 1.97890 -1.56124 0 202 46
-1.60000 0.50969 -1.59511 0 202 46
-1.43652 2.20000 -1.52110 0 202 46
-1.12477 0.00000 -1.53137 0 202 46
-0.04414 2.18745 -1.52000 0 202 46
1.14789 1.77860 -1.60000 0 202 46
1.60000 1.06183 -1.59913 0 202 46
-1.60000 1.29055 -1.58859 0 202 46
0.03070 2.20000 -1.55732 0 202 46
0.44714 0.00000 -1.56786 0 202 46
-1.49989 0.80172 -1.52000 0 202 46
-0.17051 0.92331 -1.60000 0 202 46
1.60000 1.94329 -1.54620 0 202 46
-1.60000 0.13871 -1.59339 0 202 46
1.09517 2.20000 -1.55907 0 202 46
-0.27166 0.00000 -1.52077 0 202 46
-0.57819 1.21527 -1.52000 0 202 46
-1.29040 0.14403 -1.60000 0 202 46
1.60000 1.22002 -1.57706 0 202 46
-1.60000 1.68989 -1.56778 0 202 46
0.74623 2.20000 -1.58481 0 202 46
0.40753 0.00000 -1.58617 0 202 46
-1.49476 0.47170 -1.52000 0 202 46
0.54088 0.58133 -1.60000 0 202 46
1.60000 0.01918 -1.57056 0 202 46
-1.60000 0.40600 -1.56848 0 202 46
0.39715 2.20000 -1.54032 0 202 46
1.46664 0.00000 -1.55879 0 202 46
-1.39454 1.80688 -1.52000 0 202 46
1.31295 2.15049 -1.60000 0 202 46
1.60000 1.77983 -1.54787 0 202 46
-1.60000 0.88841 -1.55330 0 202 46
-0.96047 2.20000 -1.53372 0 202 46
-1.17631 0.00000 -1.59052 0 202 46
1.34459 0.74829 -1.52000 0 202 46
-1.38149 2.14160 -1.60000 0 202 46
1.60000 2.12951 -1.59654 0 202 46
-1.60000 1.77537 -1.55021 0 202 46
1.39726 2.20000 -1.59652 0 202 46
-0.15076 0.00000 -1.55296 0 202 46
0.54458 0.60954 -1.52000 0 202 46
-0.95538 1.31632 -1.60000 0 202 46
1.60000 0.63434 -1.53807 0 202 46
-1.60000 1.08520 -1.58278 0 202 46
0.40930 2.20000 -1.54181 0 202 46
1.31104 0.00000 -1.59628 0 202 46
1.06842 1.08093 -1.52000 0 202 46
0.62374 0.36778 -1.60000 0 202 46
1.60000 0.59678 -1.59432 0 202 46
-1.60000 0.57062 -1.58992 0 202 46
-0.12600 2.20000 -1.53379 0 202 46
1.06430 0.00000 -1.58752 0 202 46
-0.91465 0.65285 -1.52000 0 202 46
-0.95957 1.34148 -1.60000 0 202 46
1.60000 0.60969 -1.56608 0 202 46
-1.60000 1.64796 -1.53172 0 202 46
-1.07709 2.20000 -1.53887 0 202 46
1.30434 0.00000 -1.58680 0 202 46
1.15274 0.92046 -1.52000 0 202 46
-1.48851 0.99142 -1.60000 0 202 46
1.60000 1.94262 -1.57420 0 202 46
-1.60000 1.40023 -1.55537 0 202 46
-1.36766 2.20000 -1.54933 0 202 46
1.26773 0.00000 -1.58364 0 202 46
0.16388 1.91386 -1.52000 0 202 46
-1.05896 0.48703 -1.60000 0 202 46
1.60000 0.19883 -1.59556 0 202 46
-1.60000 2.10621 -1.58671 0 202 46
0.09946 2.20000 -1.59280 0 202 46
-0.09869 0.00000 -1.53175 0 202 46
-1.16304 2.17352 -1.52000 0 202 46
0.24931 1.18294 -1.60000 0 202 46
1.60000 1.23536 -1.52406 0 202 46
-1.60000 1.31574 -1.57417 0 202 46
1.07400 2.20000 -1.56546 0 202 46
1.35930 0.00000 -1.57384 0 202 46
1.25179 1.23143 -1.52000 0 202 46
-0.78504 1.32629 -1.60000 0 202 46
1.60000 1.20488 -1.54933 0 202 46
-1.60000 1.28128 -1.54625 0 202 46
-1.17570 2.20000 -1.54373 0 202 46
-1.16003 0.00000 -1.52701 0 202 46
1.23130 1.50478 -1.52000 0 202 46
-0.08196 0.21467 -1.60000 0 202 46
1.60000 0.11955 -1.59520 0 202 46
-1.60000 0.74565 -1.58061 0 202 46
-0.20834 2.20000 -1.57644 0 202 46
0.94720 0.00000 -1.58204 0 202 46
0.42517 1.71513 -1.52000 0 202 46
0.62277 2.13923 -1.60000 0 202 46
1.60000 0.20240 -1.57559 0 202 46
-1.60000 2.16487 -1.58478 0 202 46
0.84790 2.20000 -1.57461 0 202 46
-0.99311 0.00000 -1.58839 0 202 46
0.06454 0.75541 -1.52000 0 202 46
1.45375 0.36729 -1.60000 0 202 46
1.60000 1.95949 -1.58387 0 202 46
-1.60000 1.12413 -1.55036 0 202 46
-1.58977 2.20000 -1.54459 0 202 46
-0.40821 0.00000 -1.59425 0 202 46
0.85473 0.49083 -1.52000 0 202 46
0.18535 1.35934 -1.60000 0 202 46
1.60000 1.63301 -1.58467 0 202 46
-1.60000 0.90904 -1.53015 0 202 46
1.05069 2.20000 -1.58263 0 202 46
-0.77440 0.00000 -1.57774 0 202 46
0.11787 0.53282 -1.52000 0 202 46
1.34407 1.77369 -1.60000 0 202 46
1.60000 1.72599 -1.55158 0 202 46
-1.60000 1.66216 -1.55223 0 202 46
1.47669 2.20000 -1.53419 0 202 46
1.42462 0.00000 -1.54856 0 202 46
1.18444 1.84953 -1.52000 0 202 46
-0.31535 0.11748 -1.60000 0 202 46
1.60000 1.11639 -1.58679 0 202 46
-1.60000 1.13845 -1.53016 0 202 46
-1.34756 2.20000 -1.54933 0 202 46
-0.16129 0.00000 -1.59399 0 202 46
0.00998 0.61619 -1.52000 0 202 46
1.26095 1.45039 -1.60000 0 202 46
1.60000 0.73769 -1.59971 0 202 46
-1.60000 1.32698 -1.59570 0 202 46
-1.49364 2.20000 -1.53105 0 202 46
-0.81013 0.00000 -1.52517 0 202 46
0.68350 1.25695 -1.52000 0 202 46
0.84339 1.37085 -1.60000 0 202 46
1.60000 0.34535 -1.55710 0 202 46
-1.60000 0.22967 -1.52477 0 202 46
1.43722 2.20000 -1.57976 0 202 46
-1.22860 0.00000 -1.57095 0 202 46
0.93566 1.09710 -1.52000 0 202 46
-1.31597 1.07924 -1.60000 0 202 46
1.60000 1.19621 -1.52013 0 202 46
-1.60000 1.32494 -1.59736 0 202 46
-0.84426 2.20000 -1.57955 0 202 46
-0.86930 0.00000 -1.54695 0 202 46
-1.20491 1.35117 -1.52000 0 202 46
-0.98433 1.29559 -1.60000 0 202 46
1.60000 1.93707 -1.59461 0 202 46
-1.60000 1.64571 -1.56942 0 202 46
-0.17680 2.20000 -1.59546 0 202 46
-0.18685 0.00000 -1.58154 0 202 46
0.55172 1.22089 -1.52000 0 202 46
-0.38533 0.25711 -1.60000 0 202 46
1.60000 0.18224 -1.59932 0 202 46
-1.60000 0.26630 -1.54751 0 202 46
-1.05589 2.20000 -1.55331 0 202 46
0.86846 0.00000 -1.55883 0 202 46
1.10183 0.94934 -1.52000 0 202 46
-1.36893 0.13715 -1.60000 0 202 46
1.60000 1.74732 -1.53175 0 202 46
-1.60000 1.56515 -1.54963 0 202 46
-0.76382 2.20000 -1.58837 0 202 46
-0.77639 0.00000 -1.58635 0 202 46
-0.30654 1.40957 -1.52000 0 202 46
1.03323 0.71996 -1.60000 0 202 46
1.60000 0.81459 -1.54799 0 202 46
-1.60000 1.49401 -1.53325 0 202 46
1.02700 2.20000 -1.56389 0 202 46
1.53265 0.00000 -1.59683 0 202 46
-1.40960 1.22691 -1.52000 0 202 46
0.11992 1.00590 -1.60000 0 202 46
1.60000 0.18803 -1.54524 0 202 46
-1.60000 1.88983 -1.57046 0 202 46
-0.63610 2.20000 -1.52781 0 202 46
-1.46302 0.00000 -1.56773 0 202 46
1.21201 1.25915 -1.52000 0 202 46
0.49414 0.21055 -1.60000 0 202 46
1.60000 1.15283 -1.53689 0 202 46
-1.60000 0.13955 -1.59456 0 202 46
1.05039 2.20000 -1.53324 0 202 46
-1.22883 0.00000 -1.54210 0 202 46
-1.22282 0.27443 -1.52000 0 202 46
0.81828 2.06121 -1.60000 0 202 46
1.60000 0.99901 -1.55753 0 202 46
-1.60000 0.26102 -1.55374 0 202 46
0.18971 2.20000 -1.52533 0 202 46
-0.55577 0.00000 -1.57129 0 202 46
-1.18449 0.32204 -1.52000 0 202 46
-0.05342 0.11889 -1.60000 0 202 46
1.60000 1.56335 -1.59632 0 202 46
-1.60000 2.09740 -1.55956 0 202 46
-0.52719 2.20000 -1.52221 0 202 46
0.39914 0.00000 -1.55822 0 202 46
1.23974 0.11496 -1.52000 0 202 46
1.19486 0.59539 -1.60000 0 202 46
1.60000 0.97554 -1.55879 0 202 46
-1.60000 1.85416 -1.59394 0 202 46
-0.32271 2.20000 -1.53452 0 202 46
1.56098 0.00000 -1.57614 0 202 46
1.34746 0.80842 -1.52000 0 202 46
0.98224 0.51737 -1.60000 0 202 46
1.60000 0.15195 -1.57387 0 202 46
-1.60000 2.07339 -1.57814 0 202 46
-1.59761 2.20000 -1.56269 0 202 46
0.70835 0.00000 -1.53729 0 202 46
-1.49801 1.00302 -1.52000 0 202 46
-0.58741 0.16715 -1.60000 0 202 46
1.60000 1.41065 -1.52195 0 202 46
-1.60000 2.13868 -1.57299 0 202 46
-0.39509 2.20000 -1.55736 0 202 46
1.06142 0.00000 -1.54305 0 202 46
-0.70071 0.98021 -1.52000 0 202 46
1.40588 0.41480 -1.60000 0 202 46
1.60000 0.35066 -1.52200 0 202 46
-1.60000 0.17339 -1.53706 0 202 46
0.69052 2.20000 -1.58506 0 202 46
-0.74373 0.00000 -1.53189 0 202 46
0.06356 1.26835 -1.52000 0 202 46
-1.52829 0.22036 -1.60000 0 202 46
1.60000 1.02106 -1.58323 0 202 46
-1.60000 0.49440 -1.53620 0 202 46
0.78668 2.20000 -1.58549 0 202 46
-0.65011 0.00000 -1.58443 0 202 46
1.39640 0.25139 -1.52000 0 202 46
-0.01351 0.75777 -1.60000 0 202 46
1.60000 1.87086 -1.59290 0 202 46
-1.60000 1.31305 -1.57707 0 202 46
-0.20503 2.20000 -1.55349 0 202 46
-1.10641 0.00000 -1.59506 0 202 46
-0.54324 0.49341 -1.52000 0 202 46
1.27990 1.54776 -1.60000 0 202 46
1.60000 1.96726 -1.52357 0 202 46
-1.60000 0.87494 -1.57615 0 202 46
0.19281 2.20000 -1.55302 0 202 46
1.21788 0.00000 -1.55960 0 202 46
0.97857 1.84711 -1.52000 0 202 46
-1.36339 1.62394 -1.60000 0 202 46
1.60000 2.06180 -1.58772 0 202 46
-1.60000 0.52028 -1.59544 0 202 46
1.59225 2.20000 -1.59009 0 202 46
0.05044 0.00000 -1.55973 0 202 46
1.44552 0.98070 -1.52000 0 202 46
0.49557 1.95095 -1.60000 0 202 46
1.60000 0.72746 -1.59745 0 202 46
-1.60000 1.10671 -1.56391 0 202 46
1.34009 2.20000 -1.54798 0 202 46
0.08728 0.00000 -1.59815 0 202 46
-0.34582 1.98223 -1.52000 0 202 46
-0.62721 1.71557 -1.60000 0 202 46
1.60000 0.77063 -1.57122 0 202 46
-1.60000 0.74825 -1.59551 0 202 46
0.84726 2.20000 -1.57101 0 202 46
0.22018 0.00000 -1.58009 0 202 46
1.31643 0.00271 -1.52000 0 202 46
0.10788 0.42986 -1.60000 0 202 46
1.60000 0.12935 -1.53658 0 202 46
-1.60000 0.31409 -1.54118 0 202 46
0.49623 2.20000 -1.56689 0 202 46
1.55065 0.00000 -1.58621 0 202 46
0.17108 0.51941 -1.52000 0 202 46
0.58397 0.18956 -1.60000 0 202 46
1.60000 0.26237 -1.58367 0 202 46
-1.60000 1.59238 -1.56031 0 202 46
-1.24257 2.20000 -1.56984 0 202 46
0.43788 0.00000 -1.59814 0 202 46
-1.57994 1.51368 -1.52000 0 202 46
-0.56960 1.90363 -1.60000 0 202 46
1.60000 0.53274 -1.59539 0 202 46
-1.60000 2.07535 -1.52489 0 202 46
-0.03684 2.20000 -1.59275 0 202 46
1.16397 0.00000 -1.57373 0 202 46
0.04313 1.08354 -1.52000 0 202 46
-1.20255 0.37279 -1.60000 0 202 46
1.60000 1.46291 -1.52602 0 202 46
-1.60000 0.86811 -1.52337 0 202 46
0.05841 2.20000 -1.55832 0 202 46
1.29559 0.00000 -1.52258 0 202 46
0.26452 1.48910 -1.52000 0 202 46
-1.45249 1.87590 -1.60000 0 202 46
1.60000 1.47702 -1.56140 0 202 46
-1.60000 1.43278 -1.54998 0 202 46
0.77516 2.20000 -1.53425 0 202 46
-1.08273 0.00000 -1.53488 0 202 46
0.23743 1.52163 -1.52000 0 202 46
1.37958 1.47597 -1.60000 0 202 46
1.60000 1.91378 -1.59986 0 202 46
-1.60000 1.13752 -1.54712 0 202 46
-1.00039 2.20000 -1.58731 0 202 46
-1.56041 0.00000 -1.53147 0 202 46
0.57054 1.22289 -1.52000 0 202 46
0.47986 0.06660 -1.60000 0 202 46
1.60000 0.98950 -1.54099 0 202 46
-1.60000 1.31233 -1.59445 0 202 46
1.37506 2.20000 -1.52092 0 202 46
0.89640 0.00000 -1.58632 0 202 46
-0.51589 1.69646 -1.52000 0 202 46
-0.45835 1.15168 -1.60000 0 202 46
1.60000 1.49570 -1.57271 0 202 46
-1.60000 1.32700 -1.55594 0 202 46
-1.07928 2.20000 -1.59122 0 202 46
-0.70589 0.00000 -1.55944 0 202 46
0.49434 1.17291 -1.52000 0 202 46
0.38957 0.53240 -1.60000 0 202 46
1.60000 0.04738 -1.52053 0 202 46
-1.60000 1.06592 -1.58439 0 202 46
-0.08289 2.20000 -1.59952 0 202 46
0.90577 0.00000 -1.55095 0 202 46
-0.20267 1.59265 -1.52000 0 202 46
0.36466 0.90018 -1.60000 0 202 46
1.60000 0.16778 -1.56633 0 202 46
-1.60000 1.19724 -1.52331 0 202 46
1.55475 2.20000 -1.55329 0 202 46
-0.80879 0.00000 -1.55081 0 202 46
-1.45807 1.29173 -1.52000 0 202 46
-0.24667 1.91632 -1.60000 0 202 46
1.60000 0.40004 -1.56016 0 202 46
-1.60000 1.35080 -1.53943 0 202 46
-0.27930 2.20000 -1.59293 0 202 46
1.24523 0.00000 -1.56890 0 202 46
0.46646 0.03977 -1.52000 0 202 46
-1.16513 0.94885 -1.60000 0 202 46
1.60000 0.13678 -1.57691 0 202 46
-1.60000 1.99799 -1.58570 0 202 46
-1.53344 2.20000 -1.55379 0 202 46
0.90471 0.00000 -1.58410 0 202 46
-1.12015 2.12158 -1.52000 0 202 46
-0.26608 0.72100 -1.60000 0 202 46
1.60000 1.55192 -1.53375 0 202 46
-1.60000 1.63432 -1.54069 0 202 46
0.20751 2.20000 -1.54284 0 202 46
0.39955 0.00000 -1.56718 0 202 46
0.14570 1.17587 -1.52000 0 202 46
0.42344 0.68786 -1.60000 0 202 46
1.60000 1.42822 -1.55591 0 202 46
-1.60000 1.13496 -1.58096 0 202 46
0.10599 2.20000 -1.57646 0 202 46
1.09757 0.00000 -1.56339 0 202 46
0.03809 0.96696 -1.52000 0 202 46
0.14453 1.40286 -1.60000 0 202 46
1.60000 1.57121 -1.58541 0 202 46
-1.60000 1.87553 -1.54024 0 202 46
0.24346 2.20000 -1.57556 0 202 46
-0.14415 0.00000 -1.59225 0 202 46
-0.87359 1.04905 -1.52000 0 202 46
0.96388 2.18486 -1.60000 0 202 46
1.60000 0.19269 -1.58845 0 202 46
-1.60000 0.84552 -1.53154 0 202 46
0.77883 2.20000 -1.55216 0 202 46
1.04480 0.00000 -1.59942 0 202 46
1.02011 2.08911 -1.52000 0 202 46
1.52218 1.42478 -1.60000 0 202 46
1.60000 1.96196 -1.59417 0 202 46
-1.60000 0.87771 -1.57673 0 202 46
-0.02816 2.20000 -1.53693 0 202 46
-1.44470 0.00000 -1.58553 0 202 46
-0.70392 1.50394 -1.52000 0 202 46
-1.18735 0.95431 -1.60000 0 202 46
1.60000 0.35730 -1.54347 0 202 46
-1.60000 0.17526 -1.56834 0 202 46
-1.12014 2.20000 -1.58905 0 202 46
-0.35891 0.00000 -1.56393 0 202 46
-0.83508 1.91221 -1.52000 0 202 46
1.37245 1.47941 -1.60000 0 202 46
1.60000 1.09802 -1.59710 0 202 46
-1.60000 0.87679 -1.58353 0 202 46
1.22995 2.20000 -1.59802 0 202 46
-1.53460 0.00000 -1.54270 0 202 46
1.56648 1.18779 -1.52000 0 202 46
-1.15872 1.71210 -1.60000 0 202 46
1.60000 1.44461 -1.57875 0 202 46
-1.60000 0.48730 -1.54629 0 202 46
0.22187 2.20000 -1.53376 0 202 46
-0.91370 0.00000 -1.53439 0 202 46
1.27914 2.10626 -1.52000 0 202 46
0.78721 2.07195 -1.60000 0 202 46
1.60000 1.56289 -1.53417 0 202 46
-1.60000 1.18966 -1.58200 0 202 46
-1.04984 2.20000 -1.53003 0 202 46
-0.10954 0.00000 -1.56550 0 202 46
-1.11896 0.71605 -1.52000 0 202 46
-0.69180 1.31610 -1.60000 0 202 46
1.60000 0.50494 -1.55584 0 202 46
-1.60000 1.81801 -1.56964 0 202 46
-0.22528 2.20000 -1.54973 0 202 46
-1.03352 0.00000 -1.58026 0 202 46
1.39892 1.70544 -1.52000 0 202 46
0.57290 0.78910 -1.60000 0 202 46
1.60000 1.25326 -1.54151 0 202 46
-1.60000 0.39545 -1.58742 0 202 46
-0.53497 2.20000 -1.58361 0 202 46
-1.49225 0.00000 -1.55818 0 202 46
-0.80056 0.69266 -1.52000 0 202 46
-1.57657 1.22618 -1.60000 0 202 46
1.60000 0.71277 -1.52048 0 202 46
-1.60000 0.80584 -1.53225 0 202 46
0.11234 2.20000 -1.58312 0 202 46
1.11358 0.00000 -1.53033 0 202 46
-0.04825 1.73137 -1.52000 0 202 46
-0.31710 1.66082 -1.60000 0 202 46
1.60000 0.53712 -1.52537 0 202 46
-1.60000 1.96986 -1.54357 0 202 46
-1.44565 2.20000 -1.54464 0 202 46
1.44262 0.00000 -1.54159 0 202 46
0.62652 1.46550 -1.52000 0 202 46
-1.34508 1.26677 -1.60000 0 202 46
1.60000 1.35634 -1.59482 0 202 46
-1.60000 1.27301 -1.53932 0 202 46
0.80398 2.20000 -1.59303 0 202 46
1.11985 0.00000 -1.52209 0 202 46
0.64930 0.63323 -1.52000 0 202 46
-1.58307 1.46701 -1.60000 0 202 46
1.60000 0.62316 -1.59767 0 202 46
-1.60000 0.68284 -1.53457 0 202 46
-0.87277 2.20000 -1.58000 0 202 46
0.34908 0.00000 -1.55109 0 202 46
0.23941 2.03580 -1.52000 0 202 46
1.08683 1.14474 -1.60000 0 202 46
1.60000 0.12403 -1.52817 0 202 46
-1.60000 0.27625 -1.53243 0 202 46
1.30035 2.20000 -1.52773 0 202 46
-1.29355 0.00000 -1.52487 0 202 46
-0.99740 0.73620 -1.52000 0 202 46
0.36813 1.71713 -1.60000 0 202 46
1.60000 1.73258 -1.54144 0 202 46
-1.60000 1.63367 -1.58295 0 202 46
-0.35548 2.20000 -1.59605 0 202 46
-0.07117 0.00000 -1.55891 0 202 46
-0.92984 1.29485 -1.52000 0 202 46
-0.36192 1.98130 -1.60000 0 202 46
1.60000 2.10435 -1.53059 0 202 46
-1.60000 1.22521 -1.59368 0 202 46
-1.06522 2.20000 -1.53816 0 202 46
1.39675 0.00000 -1.53872 0 202 46
0.51486 0.70656 -1.52000 0 202 46
-1.33683 0.22462 -1.60000 0 202 46
1.60000 1.61263 -1.59873 0 202 46
-1.60000 1.66103 -1.55344 0 202 46
1.04328 2.20000 -1.56613 0 202 46
0.72341 0.00000 -1.52556 0 202 46
-0.52302 1.44018 -1.52000 0 202 46
-0.82661 0.80230 -1.60000 0 202 46
1.60000 1.96532 -1.56766 0 202 46
-1.60000 1.26816 -1.55257 0 202 46
-1.07143 2.20000 -1.55257 0 202 46
0.91223 0.00000 -1.52373 0 202 46
0.84852 0.13898 -1.52000 0 202 46
-1.51556 1.58508 -1.60000 0 202 46
1.60000 1.98973 -1.54549 0 202 46
-1.60000 0.03299 -1.54331 0 202 46
1.42935 2.20000 -1.52210 0 202 46
0.28550 0.00000 -1.56866 0 202 46
-0.89896 1.03917 -1.52000 0 202 46
0.32803 0.48674 -1.60000 0 202 46
1.60000 1.82852 -1.53260 0 202 46
-1.60000 1.80302 -1.53492 0 202 46
-1.21248 2.20000 -1.57826 0 202 46
-0.72832 0.00000 -1.52318 0 202 46
-1.32288 0.12573 -1.52000 0 202 46
-0.11399 1.29306 -1.60000 0 202 46
1.60000 0.23774 -1.54864 0 202 46
-1.60000 0.24592 -1.54340 0 202 46
-0.53427 2.20000 -1.59170 0 202 46
-1.40351 0.00000 -1.57316 0 202 46
-1.45318 0.17897 -1.52000 0 202 46
-1.34357 0.05803 -1.60000 0 202 46
1.60000 0.07943 -1.58752 0 202 46
-1.60000 1.66252 -1.54639 0 202 46
0.97956 2.20000 -1.58789 0 202 46
0.15613 0.00000 -1.54392 0 202 46
-1.22446 1.23765 -1.52000 0 202 46
-0.89802 0.89374 -1.60000 0 202 46
1.60000 2.06089 -1.59358 0 202 46
-1.60000 0.71997 -1.53239 0 202 46
-0.93836 2.20000 -1.59523 0 202 46
-0.00156 0.00000 -1.59001 0 202 46
-1.36357 1.68039 -1.52000 0 202 46
1.31022 1.76988 -1.60000 0 202 46
1.60000 0.31200 -1.53334 0 202 46
-1.60000 1.70546 -1.58789 0 202 46
0.98063 2.20000 -1.59285 0 202 46
1.18572 0.00000 -1.53466 0 202 46
0.60555 1.05938 -1.52000 0 202 46
-1.34857 0.78248 -1.60000 0 202 46
1.60000 1.29565 -1.58798 0 202 46
-1.60000 0.22560 -1.55615 0 202 46
1.01134 2.20000 -1.59451 0 202 46
0.16728 0.00000 -1.55019 0 202 46
0.04562 1.82386 -1.52000 0 202 46
0.32364 1.35539 -1.60000 0 202 46
1.60000 1.72261 -1.59955 0 202 46
-1.60000 0.74305 -1.55534 0 202 46
-0.92969 2.20000 -1.53997 0 202 46
-1.50406 0.00000 -1.58727 0 202 46
1.22987 0.66604 -1.52000 0 202 46
-1.00505 1.55734 -1.60000 0 202 46
1.60000 2.04486 -1.55492 0 202 46
-1.60000 0.40960 -1.54654 0 202 46
-0.86142 2.20000 -1.55737 0 202 46
-0.85087 0.00000 -1.58988 0 202 46
0.63775 2.04576 -1.52000 0 202 46
-1.49518 2.08915 -1.60000 0 202 46
1.60000 0.44592 -1.55626 0 202 46
-1.60000 1.95011 -1.57867 0 202 46
0.24517 2.20000 -1.52578 0 202 46
-0.13060 0.00000 -1.59766 0 202 46
1.46563 1.68529 -1.52000 0 202 46
-0.66430 2.09473 -1.60000 0 202 46
1.60000 0.94064 -1.59464 0 202 46
-1.60000 0.81363 -1.55427 0 202 46
0.37806 2.20000 -1.58996 0 202 46
1.46806 0.00000 -1.58951 0 202 46
-0.61205 1.20674 -1.52000 0 202 46
0.32426 0.78600 -1.60000 0 202 46
1.60000 1.29136 -1.55242 0 202 46
-1.60000 0.97074 -1.53067 0 202 46
1.57344 2.20000 -1.56744 0 202 46
0.06062 0.00000 -1.56112 0 202 46
-0.43206 0.42731 -1.52000 0 202 46
-0.10416 1.10749 -1.60000 0 202 46
1.60000 1.58084 -1.58455 0 202 46
-1.60000 0.28407 -1.56311 0 202 46
0.63134 2.20000 -1.52187 0 202 46
0.37336 0.00000 -1.59609 0 202 46
-0.13184 0.08192 -1.52000 0 202 46
1.14768 0.54717 -1.60000 0 202 46
1.60000 1.21027 -1.56237 0 202 46
-1.60000 1.23634 -1.57936 0 202 46
-0.22050 2.20000 -1.52434 0 202 46
-0.65398 0.00000 -1.55366 0 202 46
1.58451 1.85574 -1.52000 0 202 46
-0.32316 1.98922 -1.60000 0 202 46
1.60000 1.04410 -1.59767 0 202 46
-1.60000 1.39287 -1.54936 0 202 46
-1.06076 2.20000 -1.54502 0 202 46
-1.42433 0.00000 -1.59307 0 202 46
0.47494 1.55784 -1.52000 0 202 46
-0.40062 0.95316 -1.60000 0 202 46
1.60000 1.78831 -1.53579 0 202 46
-1.60000 1.64255 -1.53772 0 202 46
1.22916 2.20000 -1.57156 0 202 46
1.15990 0.00000 -1.54441 0 202 46
-0.37600 1.26831 -1.52000 0 202 46
0.55242 1.70606 -1.60000 0 202 46
1.60000 0.34071 -1.53741 0 202 46
-1.60000 2.02585 -1.56711 0 202 46
1.44493 2.20000 -1.53296 0 202 46
-1.11248 0.00000 -1.52544 0 202 46
1.21402 1.44724 -1.52000 0 202 46
-0.22492 1.77719 -1.60000 0 202 46
1.60000 0.10248 -1.56300 0 202 46
-1.60000 0.35671 -1.58689 0 202 46
0.33876 2.20000 -1.58034 0 202 46
1.20908 0.00000 -1.52941 0 202 46
-0.94254 0.10947 -1.52000 0 202 46
-0.18000 2.19815 -1.60000 0 202 46
1.60000 0.84957 -1.59231 0 202 46
-1.60000 1.03411 -1.53500 0 202 46
-0.67977 2.20000 -1.56054 0 202 46
1.23217 0.00000 -1.56749 0 202 46
-0.83612 0.87014 -1.52000 0 202 46
1.12394 2.13505 -1.60000 0 202 46
1.60000 1.67101 -1.57363 0 202 46
-1.60000 1.17782 -1.58095 0 202 46
0.50347 2.20000 -1.58586 0 202 46
-0.35138 0.00000 -1.54726 0 202 46
1.22238 1.27293 -1.52000 0 202 46
1.34246 0.16024 -1.60000 0 202 46
1.60000 1.56821 -1.57781 0 202 46
-1.60000 1.89246 -1.57606 0 202 46
1.07333 2.20000 -1.54575 0 202 46
1.44234 0.00000 -1.55759 0 202 46
-0.50400 0.32543 -1.52000 0 202 46
-0.58490 1.67132 -1.60000 0 202 46
1.60000 1.39537 -1.59556 0 202 46
-1.60000 0.54833 -1.53727 0 202 46
1.30090 2.20000 -1.57658 0 202 46
1.07710 0.00000 -1.57199 0 202 46
-0.93801 1.72703 -1.52000 0 202 46
0.41229 1.35773 -1.60000 0 202 46
1.60000 2.10081 -1.56470 0 202 46
-1.60000 0.93838 -1.58963 0 202 46
-0.67661 2.20000 -1.59685 0 202 46
-0.29333 0.00000 -1.52355 0 202 46
0.03888 0.05562 -1.52000 0 202 46
0.19533 2.18572 -1.60000 0 202 46
1.60000 1.03860 -1.52848 0 202 46
-1.60000 1.37418 -1.56875 0 202 46
1.37241 2.20000 -1.54487 0 202 46
-0.12543 0.00000 -1.52585 0 202 46
-1.46118 0.13239 -1.52000 0 202 46
-1.02195 0.66376 -1.60000 0 202 46
1.60000 2.16768 -1.58509 0 202 46
-1.60000 0.82912 -1.58118 0 202 46
-1.01756 2.20000 -1.52239 0 202 46
-1.54141 0.00000 -1.56658 0 202 46
0.81825 0.04926 -1.52000 0 202 46
-0.81379 0.51519 -1.60000 0 202 46
1.60000 1.70790 -1.57181 0 202 46
-1.60000 2.01781 -1.59219 0 202 46
-0.41661 2.20000 -1.58318 0 202 46
-0.80254 0.00000 -1.58610 0 202 46
-1.27633 2.11280 -1.52000 0 202 46
-0.18230 0.94514 -1.60000 0 202 46
1.60000 1.20561 -1.59093 0 202 46
-1.60000 1.60121 -1.53194 0 202 46
-1.44213 2.20000 -1.52309 0 202 46
-0.16215 0.00000 -1.56038 0 202 46
0.48504 0.29314 -1.52000 0 202 46
0.98207 1.54829 -1.60000 0 202 46
1.60000 2.13080 -1.52321 0 202 46
-1.60000 1.52731 -1.55784 0 202 46
-0.89561 2.20000 -1.52815 0 202 46
-0.19244 0.00000 -1.56802 0 202 46
1.57198 0.40592 -1.52000 0 202 46
-0.54995 0.12362 -1.60000 0 202 46
1.60000 0.40503 -1.58736 0 202 46
-1.60000 1.56265 -1.54932 0 202 46
-0.81998 2.20000 -1.54404 0 202 46
0.32148 0.00000 -1.59690 0 202 46
-0.17298 1.44047 -1.52000 0 202 46
0.11891 0.68408 -1.60000 0 202 46
1.60000 1.26918 -1.56823 0 202 46
-1.60000 1.85500 -1.56819 0 202 46
-1.38936 2.20000 -1.55541 0 202 46
0.64092 0.00000 -1.58264 0 202 46
-0.43641 1.88152 -1.52000 0 202 46
0.51168 1.24086 -1.60000 0 202 46
1.60000 0.53727 -1.57995 0 202 46
-1.60000 0.64205 -1.56943 0 202 46
-1.28665 2.20000 -1.52510 0 202 46
0.22622 0.00000 -1.58436 0 202 46
-0.42919 1.42008 -1.52000 0 202 46
-0.36414 0.23039 -1.60000 0 202 46
1.60000 2.18163 -1.57804 0 202 46
-1.60000 1.51586 -1.54977 0 202 46
-1.25820 2.20000 -1.59471 0 202 46
0.23604 0.00000 -1.59413 0 202 46
-0.67561 1.35505 -1.52000 0 202 46
0.95001 1.62531 -1.60000 0 202 46
1.60000 1.93026 -1.59448 0 202 46
-1.60000 1.12536 -1.59517 0 202 46
-0.20011 2.20000 -1.58212 0 202 46
1.09727 0.00000 -1.55647 0 202 46
1.36171 2.11591 -1.52000 0 202 46
1.07123 0.58889 -1.60000 0 202 46
1.60000 0.64576 -1.56895 0 202 46
-1.60000 2.14128 -1.55847 0 202 46
-0.60544 2.20000 -1.59227 0 202 46
-0.20326 0.00000 -1.52969 0 202 46
-0.70276 0.16948 -1.52000 0 202 46
1.38950 1.12014 -1.60000 0 202 46
1.60000 0.82428 -1.55271 0 202 46
-1.60000 0.02977 -1.55747 0 202 46
0.69539 2.20000 -1.59946 0 202 46
-0.37942 0.00000 -1.52692 0 202 46
0.35649 1.18634 -1.52000 0 202 46
-0.90952 1.03591 -1.60000 0 202 46
1.60000 1.11617 -1.52075 0 202 46
-1.60000 1.75360 -1.56232 0 202 46
-0.48846 2.20000 -1.56114 0 202 46
-0.45451 0.00000 -1.56458 0 202 46
-0.13812 0.02135 -1.52000 0 202 46
-0.17334 0.70870 -1.60000 0 202 46
1.60000 0.91699 -1.58785 0 202 46
-1.60000 1.51629 -1.58582 0 202 46
-1.13142 2.20000 -1.58500 0 202 46
-1.03021 0.00000 -1.54124 0 202 46
0.13514 1.03010 -1.52000 0 202 46
-0.00894 0.82361 -1.60000 0 202 46
1.60000 0.83319 -1.57792 0 202 46
-1.60000 1.68138 -1.55567 0 202 46
-0.85149 2.20000 -1.56175 0 202 46
-0.51239 0.00000 -1.57315 0 202 46
-1.44330 1.08887 -1.52000 0 202 46
0.51113 2.06264 -1.60000 0 202 46
1.60000 0.16795 -1.57657 0 202 46
-1.60000 0.58962 -1.55741 0 202 46
0.12244 2.20000 -1.58814 0 202 46
-1.36639 0.00000 -1.53013 0 202 46
-0.72390 0.06701 -1.52000 0 202 46
-0.75307 2.19147 -1.60000 0 202 46
1.60000 1.41265 -1.54237 0 202 46
-1.60000 1.86798 -1.57884 0 202 46
-1.52000 1.18845 0.61495 170 0 242
-1.60000 0.90671 0.53536 170 0 242
-1.53448 2.20000 -1.30507 170 0 242
-1.56291 0.00000 0.00543 170 0 242
-1.56704 0.84159 1.60000 170 0 242
-1.57448 0.08202 -1.60000 170 0 242
-1.52000 1.08306 -0.53665 170 0 242
-1.60000 0.22324 0.58785 170 0 242
-1.55603 2.20000 1.37102 170 0 242
-1.59150 0.00000 -0.03629 170 0 242
-1.53041 0.95063 1.60000 170 0 242
-1.56482 0.70053 -1.60000 170 0 242
-1.52000 1.15911 -0.56702 170 0 242
-1.60000 1.78847 1.20249 170 0 242
-1.57918 2.20000 1.48474 170 0 242
-1.58102 0.00000 0.57001 170 0 242
-1.53165 1.76216 1.60000 170 0 242
-1.58515 1.08645 -1.60000 170 0 242
-1.52000 0.41634 -1.52312 170 0 242
-1.60000 0.15015 1.35891 170 0 242
-1.58425 2.20000 -0.86036 170 0 242
-1.52903 0.00000 -1.05172 170 0 242
-1.52336 1.52325 1.60000 170 0 242
-1.53931 1.39078 -1.60000 170 0 242
-1.52000 2.01072 -0.75348 170 0 242
-1.60000 1.78423 0.15311 170 0 242
-1.59046 2.20000 0.72802 170 0 242
-1.59119 0.00000 -0.52478 170 0 242
-1.57186 1.64900 1.60000 170 0 242
-1.58589 0.78755 -1.60000 170 0 242
-1.52000 1.00905 0.22750 170 0 242
-1.60000 0.56895 -0.33212 170 0 242
-1.57672 2.20000 -1.23487 170 0 242
-1.58856 0.00000 -0.40546 170 0 242
-1.59917 0.59781 1.60000 170 0 242
-1.52118 2.16559 -1.60000 170 0 242
-1.52000 1.03081 0.64833 170 0 242
-1.60000 0.32245 0.49872 170 0 242
-1.58652 2.20000 -1.08681 170 0 242
-1.52624 0.00000 0.06461 170 0 242
-1.56944 1.79172 1.60000 170 0 242
-1.58803 1.94019 -1.60000 170 0 242
-1.52000 1.06039 1.58005 170 0 242
-1.60000 1.24105 1.41275 170 0 242
-1.55386 2.20000 -1.25898 170 0 242
-1.54449 0.00000 -1.26895 170 0 242
-1.54153 1.71503 1.60000 170 0 242
-1.52878 1.97489 -1.60000 170 0 242
-1.52000 1.08227 -0.68766 170 0 242
-1.60000 1.16244 0.19189 170 0 242
-1.58822 2.20000 0.49371 170 0 242
-1.59151 0.00000 0.23620 170 0 242
-1.55257 1.43285 1.60000 170 0 242
-1.55123 1.58483 -1.60000 170 0 242
-1.52000 0.04126 0.47282 170 0 242
-1.60000 1.11958 1.31595 170 0 242
-1.56224 2.20000 -1.05604 170 0 242
-1.54079 0.00000 -1.33365 170 0 242
-1.53644 1.91622 1.60000 170 0 242
-1.54548 1.34197 -1.60000 170 0 242
-1.52000 2.19983 -0.81223 170 0 242
-1.60000 0.26059 -0.18210 170 0 242
-1.57308 2.20000 -1.28813 170 0 242
-1.57347 0.00000 -0.57224 170 0 242
-1.52339 0.21182 1.60000 170 0 242
-1.59555 1.82573 -1.60000 170 0 242
-1.52000 0.94700 -0.82274 170 0 242
-1.60000 2.10035 1.02639 170 0 242
-1.57200 2.20000 1.07953 170 0 242
-1.53783 0.00000 1.45376 170 0 242
-1.58327 1.44265 1.60000 170 0 242
-1.59733 0.04772 -1.60000 170 0 242
-1.52000 1.85450 0.99471 170 0 242
-1.60000 0.57520 -0.48463 170 0 242
-1.54259 2.20000 -0.02721 170 0 242
-1.59319 0.00000 -0.31097 170 0 242
-1.56112 1.85645 1.60000 170 0 242
-1.52462 1.70741 -1.60000 170 0 242
-1.52000 0.37325 0.23734 170 0 242
-1.60000 1.65655 -0.89227 170 0 242
-1.52509 2.20000 0.58063 170 0 242
-1.52201 0.00000 0.43703 170 0 242
-1.54045 1.35015 1.60000 170 0 242
-1.52293 0.57729 -1.60000 170 0 242
-1.52000 0.29797 1.07956 170 0 242
-1.60000 0.14337 -0.39485 170 0 242
-1.57224 2.20000 1.28765 170 0 242
-1.54024 0.00000 0.81733 170 0 242
-1.57864 1.23957 1.60000 170 0 242
-1.57547 1.88859 -1.60000 170 0 242
-1.52000 0.77082 -0.16063 170 0 242
-1.60000 1.37394 0.02983 170 0 242
-1.52040 2.20000 1.11106 170 0 242
-1.54376 0.00000 -0.30652 170 0 242
-1.55668 1.00698 1.60000 170 0 242
-1.55981 0.35893 -1.60000 170 0 242
-1.52000 0.52541 -0.27415 170 0 242
-1.60000 0.68207 -1.00331 170 0 242
-1.58383 2.20000 -1.16915 170 0 242
-1.55800 0.00000 -0.54830 170 0 242
-1.57425 0.71214 1.60000 170 0 242
-1.55872 1.35938 -1.60000 170 0 242
-1.52000 1.72666 1.12062 170 0 242
-1.60000 1.26986 -0.23386 170 0 242
-1.57365 2.20000 -0.05179 170 0 242
-1.53621 0.00000 -1.29885 170 0 242
-1.53198 1.16602 1.60000 170 0 242
-1.59037 0.31985 -1.60000 170 0 242
-1.52000 1.20085 1.08269 170 0 242
-1.60000 1.33491 -0.42861 170 0 242
-1.55528 2.20000 0.65997 170 0 242
-1.58093 0.00000 -0.27291 170 0 242
-1.58012 1.32492 1.60000 170 0 242
-1.54782 1.83029 -1.60000 170 0 242
-1.52000 1.13481 0.21629 170 0 242
-1.60000 0.54272 1.46074 170 0 242
-1.59117 2.20000 -1.20042 170 0 242
-1.52986 0.00000 -1.21417 170 0 242
-1.55232 2.05400 1.60000 170 0 242
-1.54948 0.62355 -1.60000 170 0 242
-1.52000 1.09271 0.42339 170 0 242
-1.60000 1.84421 -1.46739 170 0 242
-1.58206 2.20000 -1.11761 170 0 242
-1.59170 0.00000 -0.04675 170 0 242
-1.55791 0.42176 1.60000 170 0 242
-1.59750 0.79042 -1.60000 170 0 242
-1.52000 0.35758 1.11516 170 0 242
-1.60000 0.57888 1.23027 170 0 242
-1.55734 2.20000 -0.78288 170 0 242
-1.59294 0.00000 -0.82137 170 0 242
-1.58597 0.19710 1.60000 170 0 242
-1.55642 0.96501 -1.60000 170 0 242
-1.52000 0.84913 0.59832 170 0 242
-1.60000 0.10013 1.10755 170 0 242
-1.58707 2.20000 -0.42526 170 0 242
-1.57851 0.00000 0.36435 170 0 242
-1.54162 0.72087 1.60000 170 0 242
-1.55331 0.69867 -1.60000 170 0 242
-1.52000 0.41516 -0.85686 170 0 242
-1.60000 1.56303 -1.15505 170 0 242
-1.58570 2.20000 -0.90422 170 0 242
-1.57593 0.00000 -1.20492 170 0 242
-1.52066 1.06631 1.60000 170 0 242
-1.53688 0.48361 -1.60000 170 0 242
-1.52000 1.38441 1.24994 170 0 242
-1.60000 1.17305 0.25237 170 0 242
-1.56595 2.20000 0.92386 170 0 242
-1.57905 0.00000 1.13723 170 0 242
-1.52431 0.21329 1.60000 170 0 242
-1.56114 0.90517 -1.60000 170 0 242
-1.52000 1.02619 -1.49675 170 0 242
-1.60000 2.14697 1.29000 170 0 242
-1.53351 2.20000 0.20896 170 0 242
-1.57697 0.00000 -1.39814 170 0 242
-1.54122 2.07134 1.60000 170 0 242
-1.57695 1.91800 -1.60000 170 0 242
-1.52000 0.25606 0.64245 170 0 242
-1.60000 2.08194 -0.42030 170 0 242
-1.53768 2.20000 1.16892 170 0 242
-1.57808 0.00000 -1.02332 170 0 242
-1.54828 1.70718 1.60000 170 0 242
-1.54908 1.63428 -1.60000 170 0 242
-1.52000 1.61200 -0.27190 170 0 242
-1.60000 1.70162 -1.41795 170 0 242
-1.52325 2.20000 0.41404 170 0 242
-1.55332 0.00000 1.38681 170 0 242
-1.59074 1.22324 1.60000 170 0 242
-1.56052 1.53451 -1.60000 170 0 242
-1.52000 1.19143 0.23727 170 0 242
-1.60000 1.74363 1.21466 170 0 242
-1.58910 2.20000 1.50993 170 0 242
-1.54717 0.00000 -0.85328 170 0 242
-1.56026 0.72010 1.60000 170 0 242
-1.55864 1.38357 -1.60000 170 0 242
-1.52000 2.19933 -0.62963 170 0 242
-1.60000 1.86299 1.39568 170 0 242
-1.59894 2.20000 -0.31049 170 0 242
-1.52115 0.00000 1.26073 170 0 242
-1.55349 1.31677 1.60000 170 0 242
-1.55851 1.34080 -1.60000 170 0 242
-1.52000 1.18466 1.57643 170 0 242
-1.60000 0.20140 -0.96793 170 0 242
-1.52419 2.20000 0.66653 170 0 242
-1.53568 0.00000 -1.39748 170 0 242
-1.58049 1.75425 1.60000 170 0 242
-1.53396 0.17238 -1.60000 170 0 242
-1.52000 1.79665 -0.87294 170 0 242
-1.60000 0.01422 -1.28098 170 0 242
-1.57773 2.20000 -0.70350 170 0 242
-1.58803 0.00000 0.30468 170 0 242
-1.57718 1.15584 1.60000 170 0 242
-1.52329 0.03589 -1.60000 170 0 242
-1.52000 0.03395 1.19742 170 0 242
-1.60000 2.01715 0.19805 170 0 242
-1.52563 2.20000 -1.04672 170 0 242
-1.53544 0.00000 0.71559 170 0 242
-1.52762 1.38066 1.60000 170 0 242
-1.56271 2.03946 -1.60000 170 0 242
-1.52000 0.04292 -1.22188 170 0 242
-1.60000 1.24060 0.76666 170 0 242
-1.59821 2.20000 0.99200 170 0 242
-1.58053 0.00000 -1.36978 170 0 242
-1.58049 1.80510 1.60000 170 0 242
-1.57605 0.05962 -1.60000 170 0 242
-1.52000 0.72722 0.29490 170 0 242
-1.60000 0.74180 -1.03173 170 0 242
-1.54758 2.20000 -1.48501 170 0 242
-1.59361 0.00000 -1.29647 170 0 242
-1.54592 1.95170 1.60000 170 0 242
-1.55864 0.84337 -1.60000 170 0 242
-1.52000 0.93831 -0.50467 170 0 242
-1.60000 1.00310 -1.07313 170 0 242
-1.54223 2.20000 1.38614 170 0 242
-1.52956 0.00000 1.18369 170 0 242
-1.54673 1.78709 1.60000 170 0 242
-1.54027 0.81931 -1.60000 170 0 242
-1.52000 1.57915 -1.33297 170 0 242
-1.60000 0.50468 1.12282 170 0 242
-1.52549 2.20000 -1.41438 170 0 242
-1.54875 0.00000 -1.01722 170 0 242
-1.57081 1.63272 1.60000 170 0 242
-1.57867 1.15425 -1.60000 170 0 242
-1.52000 1.30950 1.59567 170 0 242
-1.60000 0.26651 0.08189 170 0 242
-1.54748 2.20000 0.58424 170 0 242
-1.57027 0.00000 0.51525 170 0 242
-1.54874 1.67712 1.60000 170 0 242
-1.59155 2.01802 -1.60000 170 0 242
-1.52000 1.98190 1.52755 170 0 242
-1.60000 2.09363 0.02630 170 0 242
-1.55764 2.20000 -0.52497 170 0 242
-1.55610 0.00000 -0.94976 170 0 242
-1.55992 0.56218 1.60000 170 0 242
-1.57844 1.57156 -1.60000 170 0 242
-1.52000 1.73027 -0.98349 170 0 242
-1.60000 2.18503 0.87009 170 0 242
-1.58742 2.20000 -1.26204 170 0 242
-1.57917 0.00000 0.33883 170 0 242
-1.59868 0.76155 1.60000 170 0 242
-1.57490 0.95522 -1.60000 170 0 242
-1.52000 1.31100 -0.56178 170 0 242
-1.60000 1.40711 -0.72831 170 0 242
-1.59771 2.20000 0.62337 170 0 242
-1.53775 0.00000 -1.11344 170 0 242
-1.54636 0.50661 1.60000 170 0 242
-1.54596 2.07747 -1.60000 170 0 242
-1.52000 0.65698 1.13049 170 0 242
-1.60000 0.64102 -0.43582 170 0 242
-1.54889 2.20000 1.29792 170 0 242
-1.59730 0.00000 -0.51909 170 0 242
-1.57107 0.37290 1.60000 170 0 242
-1.56299 0.26396 -1.60000 170 0 242
-1.52000 0.04466 -0.70932 170 0 242
-1.60000 0.83430 0.20015 170 0 242
-1.59133 2.20000 -0.37850 170 0 242
-1.55388 0.00000 0.22767 170 0 242
-1.56170 0.90441 1.60000 170 0 242
-1.54925 0.65185 -1.60000 170 0 242
-1.52000 1.02059 -0.20640 170 0 242
-1.60000 0.34246 0.62572 170 0 242
-1.55278 2.20000 0.30998 170 0 242
-1.54447 0.00000 -1.10151 170 0 242
-1.59898 1.66498 1.60000 170 0 242
-1.52223 1.70739 -1.60000 170 0 242
-1.52000 1.16891 -1.50401 170 0 242
-1.60000 1.22271 -1.00413 170 0 242
-1.53890 2.20000 0.63005 170 0 242
-1.53813 0.00000 0.45419 170 0 242
-1.57165 2.03013 1.60000 170 0 242
-1.54067 0.05618 -1.60000 170 0 242
-1.52000 0.15499 -0.03429 170 0 242
-1.60000 1.99832 -0.50124 170 0 242
-1.56918 2.20000 0.77384 170 0 242
-1.59272 0.00000 0.83915 170 0 242
-1.59226 1.75664 1.60000 170 0 242
-1.56453 0.71031 -1.60000 170 0 242
-1.52000 1.62466 -0.00863 170 0 242
-1.60000 1.99231 -0.02997 170 0 242
-1.56196 2.20000 -0.98817 170 0 242
-1.52969 0.00000 0.61610 170 0 242
-1.56413 1.02761 1.60000 170 0 242
-1.54985 0.57007 -1.60000 170 0 242
-1.52000 1.85335 1.32624 170 0 242
-1.60000 1.84977 -0.53620 170 0 242
-1.58277 2.20000 -1.14687 170 0 242
-1.53545 0.00000 0.96215 170 0 242
-1.59134 1.37013 1.60000 170 0 242
-1.52579 0.21953 -1.60000 170 0 242
-1.52000 0.19838 0.66770 170 0 242
-1.60000 1.85649 1.32050 170 0 242
-1.57686 2.20000 -1.32350 170 0 242
-1.57863 0.00000 -1.39873 170 0 242
-1.56432 1.08804 1.60000 170 0 242
-1.59072 0.29834 -1.60000 170 0 242
-1.52000 0.31902 -0.92698 170 0 242
-1.60000 1.81163 -1.22709 170 0 242
-1.54948 2.20000 0.15749 170 0 242
-1.52467 0.00000 0.40709 170 0 242
-1.59094 0.00527 1.60000 170 0 242
-1.59225 2.18799 -1.60000 170 0 242
-1.52000 0.57654 1.16729 170 0 242
-1.60000 0.86657 0.85262 170 0 242
-1.57536 2.20000 -1.13456 170 0 242
-1.52276 0.00000 -1.19709 170 0 242
-1.55864 0.47067 1.60000 170 0 242
-1.54444 1.47937 -1.60000 170 0 242
-1.52000 1.80573 -0.65299 170 0 242
-1.60000 0.09248 1.33746 170 0 242
-1.57289 2.20000 -0.07751 170 0 242
-1.53274 0.00000 0.28214 170 0 242
-1.59022 0.93747 1.60000 170 0 242
-1.52026 0.25566 -1.60000 170 0 242
-1.52000 0.34557 -0.73953 170 0 242
-1.60000 1.48344 -0.11195 170 0 242
-1.52013 2.20000 -0.95920 170 0 242
-1.55317 0.00000 -1.21324 170 0 242
-1.55798 0.32332 1.60000 170 0 242
-1.53556 0.60752 -1.60000 170 0 242
-1.52000 1.42233 0.62571 170 0 242
-1.60000 1.62812 0.37808 170 0 242
-1.57756 2.20000 1.14355 170 0 242
-1.55178 0.00000 -1.11983 170 0 242
-1.58526 2.17907 1.60000 170 0 242
-1.56033 1.09054 -1.60000 170 0 242
-1.52000 1.79208 1.22959 170 0 242
-1.60000 1.33167 -0.28738 170 0 242
-1.59198 2.20000 -1.02315 170 0 242
-1.58095 0.00000 1.17589 170 0 242
-1.58547 0.10039 1.60000 170 0 242
-1.56549 0.66385 -1.60000 170 0 242
-1.52000 0.53367 -0.98289 170 0 242
-1.60000 1.93831 1.44512 170 0 242
-1.53852 2.20000 0.64247 170 0 242
-1.52409 0.00000 -0.87479 170 0 242
-1.53893 0.56766 1.60000 170 0 242
-1.54557 1.86373 -1.60000 170 0 242
-1.52000 1.87981 -1.49434 170 0 242
-1.60000 1.19961 1.41971 170 0 242
-1.55540 2.20000 1.04043 170 0 242
-1.54603 0.00000 0.05555 170 0 242
-1.52672 1.01165 1.60000 170 0 242
-1.59845 1.91468 -1.60000 170 0 242
-1.52000 0.43397 1.42752 170 0 242
-1.60000 0.36627 -1.41587 170 0 242
-1.52553 2.20000 1.20522 170 0 242
-1.54578 0.00000 -1.58935 170 0 242
-1.56050 1.01101 1.60000 170 0 242
-1.55555 0.94330 -1.60000 170 0 242
-1.52000 1.56283 1.10475 170 0 242
-1.60000 1.08622 -0.26966 170 0 242
-1.55569 2.20000 -0.37267 170 0 242
-1.57007 0.00000 0.48604 170 0 242
-1.57304 2.17919 1.60000 170 0 242
-1.53246 0.63988 -1.60000 170 0 242
-1.52000 2.10708 -0.49714 170 0 242
-1.60000 1.47087 -0.55972 170 0 242
-1.54259 2.20000 0.18671 170 0 242
-1.58884 0.00000 -0.13626 170 0 242
-1.59710 1.62453 1.60000 170 0 242
-1.52893 0.66869 -1.60000 170 0 242
-1.52000 1.82286 -1.19130 170 0 242
-1.60000 2.04649 1.18994 170 0 242
-1.58242 2.20000 0.95143 170 0 242
-1.54611 0.00000 1.29614 170 0 242
-1.55669 1.40399 1.60000 170 0 242
-1.57644 1.67364 -1.60000 170 0 242
-1.52000 0.60684 -0.55664 170 0 242
-1.60000 0.98384 0.29992 170 0 242
-1.58700 2.20000 -1.34285 170 0 242
-1.57442 0.00000 0.36067 170 0 242
-1.52786 0.08686 1.60000 170 0 242
-1.52336 0.41575 -1.60000 170 0 242
-1.52000 0.36496 1.20449 170 0 242
-1.60000 0.60120 0.50027 170 0 242
-1.58553 2.20000 -1.15619 170 0 242
-1.54148 0.00000 -0.10791 170 0 242
-1.58287 0.84019 1.60000 170 0 242
-1.59046 1.86060 -1.60000 170 0 242
-1.52000 1.01740 -1.24765 170 0 242
-1.60000 1.41134 0.02926 170 0 242
-1.59412 2.20000 0.82123 170 0 242
-1.56283 0.00000 0.44485 170 0 242
-1.53302 0.29287 1.60000 170 0 242
-1.52724 1.69568 -1.60000 170 0 242
-1.52000 0.52167 -0.96534 170 0 242
-1.60000 2.13014 -1.05860 170 0 242
-1.58127 2.20000 -1.19233 170 0 242
-1.52826 0.00000 -0.51827 170 0 242
-1.54476 2.13537 1.60000 170 0 242
-1.59173 1.99623 -1.60000 170 0 242
-1.52000 1.14285 -0.30924 170 0 242
-1.60000 0.14396 -0.49916 170 0 242
-1.55164 2.20000 0.32371 170 0 242
-1.53635 0.00000 -0.83721 170 0 242
-1.56922 0.55673 1.60000 170 0 242
-1.53013 0.52934 -1.60000 170 0 242
-1.52000 1.36687 -0.05382 170 0 242
-1.60000 0.02184 0.37756 170 0 242
-1.54501 2.20000 -1.08287 170 0 242
-1.53972 0.00000 0.01685 170 0 242
-1.59353 2.01163 1.60000 170 0 242
-1.59549 1.56630 -1.60000 170 0 242
-1.52000 1.31788 -1.08941 170 0 242
-1.60000 1.43213 -0.06040 170 0 242
-1.56766 2.20000 1.04789 170 0 242
-1.58808 0.00000 -0.04683 170 0 242
-1.52425 0.14595 1.60000 170 0 242
-1.54836 1.50130 -1.60000 170 0 242
-1.52000 1.18858 -1.21325 170 0 242
-1.60000 1.10090 -0.46060 170 0 242
-1.56255 2.20000 0.54029 170 0 242
-1.53896 0.00000 -1.26180 170 0 242
-1.58643 2.04702 1.60000 170 0 242
-1.54180 0.72941 -1.60000 170 0 242
-1.52000 0.35483 1.40016 170 0 242
-1.60000 2.03981 0.98004 170 0 242
-1.52449 2.20000 -1.57562 170 0 242
-1.52390 0.00000 -0.16866 170 0 242
-1.59240 0.29438 1.60000 170 0 242
-1.53528 1.42636 -1.60000 170 0 242
-1.52000 1.13235 0.04239 170 0 242
-1.60000 0.52314 -0.62122 170 0 242
-1.57069 2.20000 -1.45291 170 0 242
-1.53646 0.00000 -0.12913 170 0 242
-1.54355 1.16043 1.60000 170 0 242
-1.53958 2.15763 -1.60000 170 0 242
-1.52000 0.82567 -1.53078 170 0 242
-1.60000 1.44292 -0.58195 170 0 242
-1.58579 2.20000 0.83512 170 0 242
-1.56745 0.00000 0.13552 170 0 242
-1.55445 1.97890 1.60000 170 0 242
-1.53347 0.24892 -1.60000 170 0 242
-1.52000 1.96680 -1.47097 170 0 242
-1.60000 1.78222 -1.50869 170 0 242
-1.57493 2.20000 1.45766 170 0 242
-1.53912 0.00000 1.59215 170 0 242
-1.53077 1.28722 1.60000 170 0 242
-1.54696 0.32380 -1.60000 170 0 242
-1.52000 0.23385 1.41144 170 0 242
-1.60000 1.61128 0.90198 170 0 242
-1.55285 2.20000 -0.30483 170 0 242
-1.57791 0.00000 -1.07333 170 0 242
-1.59202 1.31324 1.60000 170 0 242
-1.54455 0.28787 -1.60000 170 0 242
-1.52000 1.74065 0.90551 170 0 242
-1.60000 1.94345 -1.51054 170 0 242
-1.56134 2.20000 -1.49986 170 0 242
-1.52783 0.00000 -0.62314 170 0 242
-1.59436 1.75154 1.60000 170 0 242
-1.57364 1.67549 -1.60000 170 0 242
-1.52000 1.37752 -0.64107 170 0 242
-1.60000 1.73012 0.38092 170 0 242
-1.54567 2.20000 1.30064 170 0 242
-1.53219 0.00000 -0.56001 170 0 242
-1.59244 0.96477 1.60000 170 0 242
-1.55570 1.20735 -1.60000 170 0 242
-1.52000 0.73143 0.82266 170 0 242
-1.60000 1.84886 -0.70492 170 0 242
-1.52402 2.20000 -1.57672 170 0 242
-1.53879 0.00000 1.42223 170 0 242
-1.54511 2.08822 1.60000 170 0 242
-1.55019 1.58316 -1.60000 170 0 242
-1.52000 0.94416 -0.36190 170 0 242
-1.60000 1.93693 -0.41168 170 0 242
-1.52242 2.20000 1.18929 170 0 242
-1.52876 0.00000 0.26245 170 0 242
-1.54761 0.28702 1.60000 170 0 242
-1.52564 0.92014 -1.60000 170 0 242
-1.52000 2.10971 0.40770 170 0 242
-1.60000 0.43554 0.43736 170 0 242
-1.55912 2.20000 -1.30717 170 0 242
-1.52433 0.00000 -0.54574 170 0 242
-1.57334 1.04421 1.60000 170 0 242
-1.58580 1.38318 -1.60000 170 0 242
-1.52000 0.95907 1.16844 170 0 242
-1.60000 1.04491 -0.04190 170 0 242
-1.57156 2.20000 -1.43819 170 0 242
-1.53420 0.00000 -0.22858 170 0 242
-1.57726 2.06558 1.60000 170 0 242
-1.54475 0.43226 -1.60000 170 0 242
-1.52000 1.21820 0.50904 170 0 242
-1.60000 1.15053 -0.34844 170 0 242
-1.58193 2.20000 0.22456 170 0 242
-1.58655 0.00000 -1.30300 170 0 242
-1.53652 1.30522 1.60000 170 0 242
-1.55072 0.21095 -1.60000 170 0 242
-1.52000 1.91216 0.33729 170 0 242
-1.60000 1.97789 0.04036 170 0 242
-1.57273 2.20000 0.47548 170 0 242
-1.55591 0.00000 0.60286 170 0 242
-1.59167 1.82435 1.60000 170 0 242
-1.57873 1.61177 -1.60000 170 0 242
-1.52000 1.91810 0.47803 170 0 242
-1.60000 1.79399 0.29128 170 0 242
-1.55730 2.20000 -0.24791 170 0 242
-1.53096 0.00000 1.27125 170 0 242
-1.55233 0.83622 1.60000 170 0 242
-1.57976 0.71719 -1.60000 170 0 242
-1.52000 1.93128 1.53490 170 0 242
-1.60000 0.03161 0.90985 170 0 242
-1.58973 2.20000 -1.36464 170 0 242
-1.57591 0.00000 1.08611 170 0 242
-1.59954 1.94215 1.60000 170 0 242
-1.58022 2.14357 -1.60000 170 0 242
-1.52000 0.62982 -0.45386 170 0 242
-1.60000 0.17646 0.35596 170 0 242
-1.54556 2.20000 -1.59463 170 0 242
-1.59581 0.00000 1.26245 170 0 242
-1.59006 1.51186 1.60000 170 0 242
-1.58678 1.54332 -1.60000 170 0 242
-1.52000 1.91944 1.07896 170 0 242
-1.60000 1.01818 0.44349 170 0 242
-1.58380 2.20000 -0.33692 170 0 242
-1.58762 0.00000 0.01714 170 0 242
-1.55767 1.38472 1.60000 170 0 242
-1.57566 0.23914 -1.60000 170 0 242
-1.52000 0.44807 -0.57536 170 0 242
-1.60000 2.18052 -1.25401 170 0 242
-1.59800 2.20000 0.89619 170 0 242
-1.54981 0.00000 -0.95260 170 0 242
-1.53861 2.04687 1.60000 170 0 242
-1.53333 2.16800 -1.60000 170 0 242
-1.52000 0.08189 -0.85977 170 0 242
-1.60000 1.90552 -0.38787 170 0 242
-1.57543 2.20000 1.48983 170 0 242
-1.58933 0.00000 -1.59591 170 0 242
-1.58192 0.90489 1.60000 170 0 242
-1.55389 0.39047 -1.60000 170 0 242
-1.52000 0.03700 -0.10351 170 0 242
-1.60000 1.30331 -0.13068 170 0 242
-1.57647 2.20000 0.41770 170 0 242
-1.53362 0.00000 1.36055 170 0 242
-1.58394 0.55098 1.60000 170 0 242
-1.53397 0.10311 -1.60000 170 0 242
-1.52000 1.95580 0.28142 170 0 242
-1.60000 1.85257 0.10930 170 0 242
-1.56996 2.20000 0.98620 170 0 242
-1.55753 0.00000 1.46843 170 0 242
-1.58571 0.33909 1.60000 170 0 242
-1.55839 0.11831 -1.60000 170 0 242
-1.52000 0.28025 0.72331 170 0 242
-1.60000 1.16275 -0.07898 170 0 242
-1.52250 2.20000 1.19774 170 0 242
-1.52187 0.00000 -1.54671 170 0 242
-1.57841 1.12705 1.60000 170 0 242
-1.53992 2.13391 -1.60000 170 0 242
-1.52000 1.80365 0.78497 170 0 242
-1.60000 0.60827 1.51925 170 0 242
-1.52510 2.20000 -0.04613 170 0 242
-1.56102 0.00000 0.18442 170 0 242
-1.56753 0.71200 1.60000 170 0 242
-1.55586 0.00240 -1.60000 170 0 242
-1.52000 0.08092 -1.29345 170 0 242
-1.60000 1.65273 0.42110 170 0 242
-1.52724 2.20000 0.40907 170 0 242
-1.54702 0.00000 -1.46826 170 0 242
-1.59477 0.67192 1.60000 170 0 242
-1.59923 0.58024 -1.60000 170 0 242
-1.52000 0.35232 -0.33410 170 0 242
-1.60000 1.61276 0.27001 170 0 242
-1.54737 2.20000 0.49204 170 0 242
-1.53668 0.00000 0.78004 170 0 242
-1.52520 1.11766 1.60000 170 0 242
-1.58495 0.09385 -1.60000 170 0 242
-1.52000 1.51097 -1.06704 170 0 242
-1.60000 1.56034 0.77800 170 0 242
-1.59222 2.20000 1.58017 170 0 242
-1.58526 0.00000 0.18436 170 0 242
-1.58420 1.83436 1.60000 170 0 242
-1.57547 1.77998 -1.60000 170 0 242
-1.52000 1.57819 0.10886 170 0 242
-1.60000 1.64664 -1.50777 170 0 242
-1.57913 2.20000 -0.92174 170 0 242
-1.52239 0.00000 0.07499 170 0 242
-1.53168 0.09534 1.60000 170 0 242
-1.55976 0.38600 -1.60000 170 0 242
-1.52000 1.46458 -0.61379 170 0 242
-1.60000 2.17515 1.45499 170 0 242
-1.59637 2.20000 1.55011 170 0 242
-1.56102 0.00000 -1.38201 170 0 242
-1.55092 2.18021 1.60000 170 0 242
-1.53318 2.11301 -1.60000 170 0 242
-1.52000 0.80521 0.08966 170 0 242
-1.60000 1.50361 1.51711 170 0 242
-1.53900 2.20000 0.50865 170 0 242
-1.57542 0.00000 1.50033 170 0 242
-1.54416 2.04360 1.60000 170 0 242
-1.52557 1.62581 -1.60000 170 0 242
-1.52000 2.15304 -0.24969 170 0 242
-1.60000 1.57813 -1.09141 170 0 242
-1.53599 2.20000 -1.22437 170 0 242
-1.55685 0.00000 -0.55972 170 0 242
-1.53359 0.05670 1.60000 170 0 242
-1.59515 2.11786 -1.60000 170 0 242
-1.52000 0.87000 -1.34865 170 0 242
-1.60000 1.22637 -0.38003 170 0 242
-1.57005 2.20000 0.58895 170 0 242
-1.57217 0.00000 1.22399 170 0 242
-1.55324 0.05460 1.60000 170 0 242
-1.59866 1.15231 -1.60000 170 0 242
-1.52000 0.31061 0.31141 170 0 242
-1.60000 1.09614 -0.11825 170 0 242
-1.59344 2.20000 0.07954 170 0 242
-1.58417 0.00000 -1.02984 170 0 242
-1.59391 0.44890 1.60000 170 0 242
-1.54586 0.87871 -1.60000 170 0 242
-1.52000 1.91988 0.46232 170 0 242
-1.60000 0.43769 -0.33991 170 0 242
-1.58960 2.20000 -0.82285 170 0 242
-1.56816 0.00000 0.73983 170 0 242
-1.57422 0.24199 1.60000 170 0 242
-1.56314 2.01186 -1.60000 170 0 242
-1.52000 0.49519 -1.04701 170 0 242
-1.60000 0.67252 -0.71997 170 0 242
-1.56408 2.20000 1.51506 170 0 242
-1.59569 0.00000 0.78034 170 0 242
-1.52984 1.06735 1.60000 170 0 242
-1.55577 0.20363 -1.60000 170 0 242
-1.52000 1.23176 -0.16464 170 0 242
-1.60000 0.04296 -0.74227 170 0 242
-1.55423 2.20000 0.55249 170 0 242
-1.57122 0.00000 -1.42885 170 0 242
-1.56908 0.07165 1.60000 170 0 242
-1.54003 1.49805 -1.60000 170 0 242
-1.52000 0.11375 -1.41634 170 0 242
-1.60000 1.65011 1.11024 170 0 242
-1.53722 2.20000 -1.07443 170 0 242
-1.56946 0.00000 1.09752 170 0 242
-1.57716 0.90213 1.60000 170 0 242
-1.56586 0.07922 -1.60000 170 0 242
-1.52000 0.45883 1.02061 170 0 242
-1.60000 1.49701 0.30180 170 0 242
-1.53741 2.20000 -1.59565 170 0 242
-1.57005 0.00000 0.73151 170 0 242
-1.58255 1.29341 1.60000 170 0 242
-1.52594 0.94460 -1.60000 170 0 242
-1.52000 0.37008 -1.29093 170 0 242
-1.60000 0.35450 -0.25242 170 0 242
-1.56660 2.20000 -0.89225 170 0 242
-1.58954 0.00000 -0.78034 170 0 242
-1.52805 1.14172 1.60000 170 0 242
-1.56756 1.71706 -1.60000 170 0 242
-1.52000 1.75571 -1.51465 170 0 242
-1.60000 2.17219 1.53819 170 0 242
-1.56424 2.20000 -1.47289 170 0 242
-1.53881 0.00000 -1.38074 170 0 242
-1.59985 0.23106 1.60000 170 0 242
-1.56940 0.64780 -1.60000 170 0 242
-1.52000 0.97041 -0.28797 170 0 242
-1.60000 0.84217 0.25030 170 0 242
-1.56780 2.20000 0.37915 170 0 242
-1.54352 0.00000 1.03708 170 0 242
-1.54866 0.19710 1.60000 170 0 242
-1.53924 1.88852 -1.60000 170 0 242
-1.52000 0.88269 0.42162 170 0 242
-1.60000 0.87679 -1.13333 170 0 242
-1.55658 2.20000 -1.39844 170 0 242
-1.53517 0.00000 -0.01892 170 0 242
-1.55916 1.62512 1.60000 170 0 242
-1.54295 1.69541 -1.60000 170 0 242
-1.52000 1.61895 0.18415 170 0 242
-1.60000 1.68831 1.49308 170 0 242
-1.53990 2.20000 -0.77211 170 0 242
-1.53196 0.00000 -0.89091 170 0 242
-1.54004 1.67186 1.60000 170 0 242
-1.59313 0.92815 -1.60000 170 0 242
-1.52000 1.96654 1.36335 170 0 242
-1.60000 0.75619 0.16623 170 0 242
-1.55300 2.20000 -1.59817 170 0 242
-1.55835 0.00000 -1.09061 170 0 242
-1.56966 1.54152 1.60000 170 0 242
-1.54249 1.71058 -1.60000 170 0 242
-1.52000 1.06033 -0.87280 170 0 242
-1.60000 0.64348 -0.90371 170 0 242
-1.55771 2.20000 0.44135 170 0 242
-1.54567 0.00000 -1.48696 170 0 242
-1.52237 1.01066 1.60000 170 0 242
-1.55121 0.76108 -1.60000 170 0 242
-1.52000 0.64508 0.06676 170 0 242
-1.60000 1.72935 -1.41047 170 0 242
-1.57340 2.20000 -0.53904 170 0 242
-1.53076 0.00000 -0.87543 170 0 242
-1.52893 1.19335 1.60000 170 0 242
-1.59628 1.40130 -1.60000 170 0 242
-1.52000 0.02109 0.89907 170 0 242
-1.60000 0.96280 1.06956 170 0 242
-1.54884 2.20000 1.42458 170 0 242
-1.52557 0.00000 -0.93645 170 0 242
-1.54410 0.81324 1.60000 170 0 242
-1.55954 0.91378 -1.60000 170 0 242
-1.52000 0.30683 0.61080 170 0 242
-1.60000 0.61272 -0.54630 170 0 242
-1.58363 2.20000 0.32127 170 0 242
-1.53291 0.00000 0.71499 170 0 242
-1.53676 1.74829 1.60000 170 0 242
-1.52421 1.76882 -1.60000 170 0 242
-1.52000 2.09464 -0.39299 170 0 242
-1.60000 0.27787 -0.34814 170 0 242
-1.56513 2.20000 0.93673 170 0 242
-1.59640 0.00000 0.77919 170 0 242
-1.59231 1.75588 1.60000 170 0 242
-1.56220 1.02348 -1.60000 170 0 242
-1.52000 0.07027 1.31021 170 0 242
-1.60000 0.11494 0.97602 170 0 242
-1.52423 2.20000 0.71349 170 0 242
-1.55235 0.00000 -1.36067 170 0 242
-1.53020 0.37252 1.60000 170 0 242
-1.57143 1.86500 -1.60000 170 0 242
-1.52000 0.20539 -0.08477 170 0 242
-1.60000 1.72586 1.37632 170 0 242
-1.53662 2.20000 1.03226 170 0 242
-1.59270 0.00000 -0.49330 170 0 242
-1.53153 1.74664 1.60000 170 0 242
-1.58316 0.33647 -1.60000 170 0 242
-1.52000 1.42206 1.40670 170 0 242
-1.60000 0.35437 0.58815 170 0 242
-1.57260 2.20000 0.20714 170 0 242
-1.56367 0.00000 1.18194 170 0 242
-1.55118 1.07763 1.60000 170 0 242
-1.58975 0.02053 -1.60000 170 0 242
-1.52000 2.16273 -0.33599 170 0 242
-1.60000 1.31463 -1.47396 170 0 242
-1.57263 2.20000 0.96479 170 0 242
-1.58662 0.00000 1.56250 170 0 242
-1.55517 0.11352 1.60000 170 0 242
-1.54491 1.30808 -1.60000 170 0 242
-1.52000 0.48454 0.73865 170 0 242
-1.60000 1.69243 -0.04873 170 0 242
-1.53642 2.20000 -1.48048 170 0 242
-1.55249 0.00000 0.33748 170 0 242
-1.58692 0.54417 1.60000 170 0 242
-1.57468 1.51971 -1.60000 170 0 242
-1.52000 1.84358 0.49300 170 0 242
-1.60000 1.58950 -0.16923 170 0 242
-1.54094 2.20000 0.74339 170 0 242
-1.56476 0.00000 -0.37326 170 0 242
-1.59913 2.08016 1.60000 170 0 242
-1.53998 2.15577 -1.60000 170 0 242
-1.52000 1.01560 0.60456 170 0 242
-1.60000 0.71596 0.04145 170 0 242
-1.59874 2.20000 -0.28061 170 0 242
-1.52644 0.00000 -1.49018 170 0 242
-1.53744 0.54553 1.60000 170 0 242
-1.57896 1.62019 -1.60000 170 0 242
-1.52000 0.05118 -1.10773 170 0 242
-1.60000 1.69465 1.45952 170 0 242
-1.52130 2.20000 -0.82884 170 0 242
-1.54040 0.00000 -1.18506 170 0 242
-1.59893 1.96790 1.60000 170 0 242
-1.55805 0.00435 -1.60000 170 0 242
-1.52000 2.05285 -1.22929 170 0 242
-1.60000 1.60633 -1.48468 170 0 242
-1.58655 2.20000 0.69482 170 0 242
-1.52875 0.00000 0.51643 170 0 242
-1.52864 0.80899 1.60000 170 0 242
-1.57608 1.82943 -1.60000 170 0 242
-1.52000 0.15200 0.14115 170 0 242
-1.60000 0.19211 0.01671 170 0 242
-1.56485 2.20000 -0.33914 170 0 242
-1.57471 0.00000 1.00701 170 0 242
-1.52171 1.07534 1.60000 170 0 242
-1.54662 1.37835 -1.60000 170 0 242
-1.52000 0.89280 -0.49382 170 0 242
-1.60000 1.72333 1.45459 170 0 242
-1.55033 2.20000 -1.49598 170 0 242
-1.56410 0.00000 1.58649 170 0 242
-1.56014 2.10444 1.60000 170 0 242
-1.59341 0.39755 -1.60000 170 0 242
-1.52000 0.64097 -0.40940 170 0 242
-1.60000 1.16707 0.17167 170 0 242
-1.57054 2.20000 -0.79698 170 0 242
-1.53335 0.00000 -0.65511 170 0 242
-1.56761 1.66984 1.60000 170 0 242
-1.53229 1.87709 -1.60000 170 0 242
-1.52000 1.33504 -1.54970 170 0 242
-1.60000 0.03454 0.50002 170 0 242
-1.59962 2.20000 1.59394 170 0 242
-1.57036 0.00000 -0.78867 170 0 242
-1.53833 2.01969 1.60000 170 0 242
-1.58340 0.14056 -1.60000 170 0 242
-1.52000 0.70492 1.19133 170 0 242
-1.60000 0.23977 1.20129 170 0 242
-1.58643 2.20000 -1.15098 170 0 242
-1.58671 0.00000 0.06047 170 0 242
-1.59386 0.36674 1.60000 170 0 242
-1.56150 0.06477 -1.60000 170 0 242
-1.52000 0.75476 0.85986 170 0 242
-1.60000 1.36742 -1.20623 170 0 242
-1.56213 2.20000 -0.23145 170 0 242
-1.57941 0.00000 -1.24445 170 0 242
-1.52787 1.68622 1.60000 170 0 242
-1.52566 0.10830 -1.60000 170 0 242
-1.52000 2.19485 -0.03022 170 0 242
-1.60000 0.30368 0.30380 170 0 242
-1.58248 2.20000 1.21649 170 0 242
-1.56151 0.00000 -1.16994 170 0 242
-1.52599 0.57795 1.60000 170 0 242
-1.52524 0.24641 -1.60000 170 0 242
-1.52000 1.59190 0.86343 170 0 242
-1.60000 2.18811 -0.53599 170 0 242
-1.52169 2.20000 -0.13824 170 0 242
-1.57205 0.00000 -1.32172 170 0 242
-1.55945 2.09494 1.60000 170 0 242
-1.53946 1.91303 -1.60000 170 0 242
-1.52000 1.56418 -0.44182 170 0 242
-1.60000 1.26414 0.92044 170 0 242
-1.58312 2.20000 1.02240 170 0 242
-1.57291 0.00000 -1.08998 170 0 242
-1.56503 0.11313 1.60000 170 0 242
-1.55608 1.99113 -1.60000 170 0 242
-1.52000 2.10700 -0.19346 170 0 242
-1.60000 1.25229 0.71925 170 0 242
-1.52460 2.20000 -0.10306 170 0 242
-1.59592 0.00000 -0.46888 170 0 242
-1.55942 0.26687 1.60000 170 0 242
-1.54317 0.41762 -1.60000 170 0 242
-1.52000 1.88778 0.23090 170 0 242
-1.60000 2.12362 0.39043 170 0 242
-1.53034 2.20000 -0.10366 170 0 242
-1.55719 0.00000 -1.52221 170 0 242
-1.52141 0.01798 1.60000 170 0 242
-1.52054 1.15792 -1.60000 170 0 242
-1.52000 1.31276 -0.12606 170 0 242
-1.60000 0.50536 -0.21504 170 0 242
-1.56634 2.20000 -0.05688 170 0 242
-1.57874 0.00000 0.79524 170 0 242
-1.53616 1.25709 1.60000 170 0 242
-1.56909 0.78541 -1.60000 170 0 242
-1.52000 0.56745 -1.34742 170 0 242
-1.60000 1.37513 -1.52102 170 0 242
-1.53289 2.20000 0.05867 170 0 242
-1.57714 0.00000 0.15705 170 0 242
-1.57291 0.07628 1.60000 170 0 242
-1.58807 1.50976 -1.60000 170 0 242
-1.52000 0.49131 1.05756 170 0 242
-1.60000 0.14406 1.01609 170 0 242
-1.57963 2.20000 -0.60073 170 0 242
-1.53993 0.00000 -1.36086 170 0 242
-1.56125 0.79031 1.60000 170 0 242
-1.53776 0.48050 -1.60000 170 0 242
-1.52000 0.92375 -1.28394 170 0 242
-1.60000 0.13895 0.71217 170 0 242
-1.53454 2.20000 0.35141 170 0 242
-1.57925 0.00000 -0.40344 170 0 242
-1.55838 0.40130 1.60000 170 0 242
-1.56276 0.88576 -1.60000 170 0 242
-1.52000 1.61062 -0.57940 170 0 242
-1.60000 1.59454 1.40855 170 0 242
-1.54209 2.20000 0.64752 170 0 242
-1.59400 0.00000 1.13770 170 0 242
-1.56731 0.74047 1.60000 170 0 242
-1.58501 0.36111 -1.60000 170 0 242
-1.52000 2.16098 -0.18473 170 0 242
-1.60000 1.88319 0.89737 170 0 242
-1.52820 2.20000 0.33708 170 0 242
-1.55556 0.00000 1.01044 170 0 242
-1.55106 0.56829 1.60000 170 0 242
-1.54163 1.15272 -1.60000 170 0 242
-1.52000 1.17275 0.45158 170 0 242
-1.60000 1.72279 0.73619 170 0 242
-1.59985 2.20000 1.36141 170 0 242
-1.55093 0.00000 1.35999 170 0 242
-1.56422 0.34229 1.60000 170 0 242
-1.59156 0.63470 -1.60000 170 0 242
-1.52000 1.23021 0.19043 170 0 242
-1.60000 1.92264 1.00492 170 0 242
-1.56018 2.20000 0.81912 170 0 242
-1.53265 0.00000 0.16575 170 0 242
-1.54475 1.28423 1.60000 170 0 242
-1.57942 0.66807 -1.60000 170 0 242
-1.52000 1.16357 0.93383 170 0 242
-1.60000 1.93333 0.34140 170 0 242
-1.54138 2.20000 1.43013 170 0 242
-1.56782 0.00000 -1.29160 170 0 242
-1.54169 0.51294 1.60000 170 0 242
-1.57146 0.63126 -1.60000 170 0 242
-1.52000 0.39110 0.33235 170 0 242
-1.60000 1.00927 -1.23797 170 0 242
-1.53164 2.20000 -1.20291 170 0 242
-1.57543 0.00000 -0.51759 170 0 242
-1.53387 1.61222 1.60000 170 0 242
-1.57002 0.77190 -1.60000 170 0 242
-1.52000 0.55389 1.54506 170 0 242
-1.60000 0.48564 -0.07631 170 0 242
-1.59252 2.20000 0.75334 170 0 242
-1.54243 0.00000 -1.30490 170 0 242
-1.57366 1.79836 1.60000 170 0 242
-1.59007 1.31204 -1.60000 170 0 242
-1.52000 0.23155 -1.47568 170 0 242
-1.60000 0.30379 -1.31706 170 0 242
-1.59086 2.20000 1.40215 170 0 242
-1.59043 0.00000 1.09170 170 0 242
-1.56121 0.64512 1.60000 170 0 242
-1.54810 1.92745 -1.60000 170 0 242
-1.52000 1.43023 0.71422 170 0 242
-1.60000 0.56587 1.57470 170 0 242
-1.58056 2.20000 -1.34299 170 0 242
-1.57884 0.00000 -1.21910 170 0 242
-1.57185 0.00237 1.60000 170 0 242
-1.55152 1.95020 -1.60000 170 0 242
-1.52000 1.94785 -0.23624 170 0 242
-1.60000 0.07399 -1.45869 170 0 242
-1.56165 2.20000 -0.95742 170 0 242
-1.52794 0.00000 1.25358 170 0 242
-1.52606 0.57184 1.60000 170 0 242
-1.59008 0.84968 -1.60000 170 0 242
-1.52000 0.14847 0.26758 170 0 242
-1.60000 1.98689 1.06672 170 0 242
-1.53517 2.20000 -0.54090 170 0 242
-1.53011 0.00000 -0.97877 170 0 242
-1.56475 0.92541 1.60000 170 0 242
-1.58249 0.08923 -1.60000 170 0 242
-1.52000 0.87005 -0.69233 170 0 242
-1.60000 0.70314 -0.74793 170 0 242
-1.59784 2.20000 0.25067 170 0 242
-1.54111 0.00000 -1.18413 170 0 242
-1.55135 1.10341 1.60000 170 0 242
-1.56240 0.20637 -1.60000 170 0 242
-1.52000 1.80649 1.27996 170 0 242
-1.60000 2.12321 -0.87313 170 0 242
-1.52541 2.20000 -1.46874 170 0 242
-1.54095 0.00000 1.05093 170 0 242
-1.55746 1.64840 1.60000 170 0 242
-1.58946 2.02484 -1.60000 170 0 242
-1.52000 0.23632 -1.52557 170 0 242
-1.60000 0.93213 -0.44656 170 0 242
-1.54656 2.20000 -0.16810 170 0 242
-1.52809 0.00000 -1.51959 170 0 242
-1.52155 1.69833 1.60000 170 0 242
-1.57470 1.52657 -1.60000 170 0 242
-1.52000 0.52129 1.36707 170 0 242
-1.60000 1.31381 0.38657 170 0 242
-1.55246 2.20000 -1.42254 170 0 242
-1.58042 0.00000 -1.52471 170 0 242
-1.57816 2.13719 1.60000 170 0 242
-1.59390 1.09077 -1.60000 170 0 242
-1.52000 0.47991 -1.06232 170 0 242
-1.60000 0.38484 1.06280 170 0 242
-1.53892 2.20000 -0.03077 170 0 242
-1.56939 0.00000 0.99034 170 0 242
-1.53621 0.29537 1.60000 170 0 242
-1.54771 0.67302 -1.60000 170 0 242
-1.52000 0.14097 1.49665 170 0 242
-1.60000 1.75327 0.90470 170 0 242
-1.58405 2.20000 0.17423 170 0 242
-1.56151 0.00000 -0.80973 170 0 242
-1.57305 1.45230 1.60000 170 0 242
-1.55798 1.33391 -1.60000 170 0 242
-1.52000 0.75176 -0.87806 170 0 242
-1.60000 0.33342 1.17281 170 0 242
-1.56875 2.20000 -1.42945 170 0 242
-1.58451 0.00000 1.07603 170 0 242
-1.57002 1.11530 1.60000 170 0 242
-1.56452 1.08909 -1.60000 170 0 242
-1.52000 0.53021 1.39749 170 0 242
-1.60000 0.47372 -1.39632 170 0 242
-1.59232 2.20000 -1.31034 170 0 242
-1.54781 0.00000 0.28289 170 0 242
-1.57873 1.16867 1.60000 170 0 242
-1.56569 0.69947 -1.60000 170 0 242
-1.52000 1.25665 1.53965 170 0 242
-1.60000 1.01018 -1.58107 170 0 242
-1.58281 2.20000 -0.40984 170 0 242
-1.55242 0.00000 0.63369 170 0 242
-1.53542 1.22154 1.60000 170 0 242
-1.58772 2.03356 -1.60000 170 0 242
-1.52000 0.93366 -1.11915 170 0 242
-1.60000 1.76886 1.48867 170 0 242
-1.55539 2.20000 1.44802 170 0 242
-1.54546 0.00000 -0.09117 170 0 242
-1.56926 2.16173 1.60000 170 0 242
-1.55699 1.25581 -1.60000 170 0 242
-1.52000 1.39687 -1.29489 170 0 242
-1.60000 0.81382 0.54026 170 0 242
-1.55423 2.20000 0.44300 170 0 242
-1.59086 0.00000 0.78623 170 0 242
-1.53368 2.18815 1.60000 170 0 242
-1.52229 0.20596 -1.60000 170 0 242
-1.52000 0.90411 0.50520 170 0 242
-1.60000 0.78388 1.57049 170 0 242
-1.53227 2.20000 1.26322 170 0 242
-1.59075 0.00000 1.48412 170 0 242
-1.57638 1.78085 1.60000 170 0 242
-1.56622 0.18218 -1.60000 170 0 242
-1.52000 0.48870 0.80778 170 0 242
-1.60000 1.03289 -0.49881 170 0 242
-1.59522 2.20000 -0.90205 170 0 242
-1.52193 0.00000 -1.58294 170 0 242
-1.58732 0.32887 1.60000 170 0 242
-1.56440 0.42232 -1.60000 170 0 242
-1.52000 1.41063 -1.48730 170 0 242
-1.60000 0.94873 0.60912 170 0 242
-1.54744 2.20000 -0.31464 170 0 242
-1.56433 0.00000 0.28265 170 0 242
-1.58569 0.93489 1.60000 170 0 242
-1.59918 0.69636 -1.60000 170 0 242
-1.52000 0.34555 0.29874 170 0 242
-1.60000 0.04559 -1.01026 170 0 242
-1.53532 2.20000 0.28305 170 0 242
-1.54331 0.00000 1.43275 170 0 242
-1.55723 1.05251 1.60000 170 0 242
-1.56030 1.55266 -1.60000 170 0 242
-1.52000 1.96846 -0.37640 170 0 242
-1.60000 1.52129 1.42246 170 0 242
-1.56527 2.20000 1.20884 170 0 242
-1.57997 0.00000 1.10477 170 0 242
-1.55020 0.55880 1.60000 170 0 242
-1.54557 1.94369 -1.60000 170 0 242
-1.52000 0.83140 -1.01572 170 0 242
-1.60000 0.95250 -1.31355 170 0 242
-1.55648 2.20000 -0.07840 170 0 242
-1.59854 0.00000 -0.52757 170 0 242
-1.57358 0.10673 1.60000 170 0 242
-1.52952 1.48014 -1.60000 170 0 242
-1.52000 1.60557 -1.25633 170 0 242
-1.60000 1.63357 -1.36192 170 0 242
-1.57525 2.20000 -1.46502 170 0 242
-1.57985 0.00000 -0.24995 170 0 242
-1.59779 1.83295 1.60000 170 0 242
-1.53328 0.79645 -1.60000 170 0 242
-1.52000 0.04095 1.45906 170 0 242
-1.60000 2.08055 0.97330 170 0 242
-1.55441 2.20000 -0.64574 170 0 242
-1.59690 0.00000 -1.11839 170 0 242
-1.55366 0.53599 1.60000 170 0 242
-1.57298 0.10029 -1.60000 170 0 242
-1.52000 0.05227 -0.53211 170 0 242
-1.60000 0.36627 -0.46016 170 0 242
-1.58202 2.20000 0.66234 170 0 242
-1.52546 0.00000 1.48671 170 0 242
-1.55187 1.60779 1.60000 170 0 242
-1.52118 1.70288 -1.60000 170 0 242
-1.52000 0.77125 1.15184 170 0 242
-1.60000 0.36967 0.61885 170 0 242
-1.54984 2.20000 1.49244 170 0 242
-1.53376 0.00000 1.27976 170 0 242
-1.59525 0.08048 1.60000 170 0 242
-1.53324 0.92453 -1.60000 170 0 242
-1.52000 1.18619 1.14252 170 0 242
-1.60000 2.08756 1.58252 170 0 242
-1.57739 2.20000 0.21620 170 0 242
-1.54853 0.00000 1.11304 170 0 242
-1.52098 0.88505 1.60000 170 0 242
-1.55966 0.87424 -1.60000 170 0 242
-1.52000 1.51789 -0.19318 170 0 242
-1.60000 1.91145 1.23360 170 0 242
-1.57750 2.20000 -0.24380 170 0 242
-1.58791 0.00000 -0.60957 170 0 242
-1.58906 0.78193 1.60000 170 0 242
-1.58679 1.51325 -1.60000 170 0 242
-1.52000 1.18179 -1.10223 170 0 242
-1.60000 1.56148 -1.38176 170 0 242
-1.53777 2.20000 1.11198 170 0 242
-1.53615 0.00000 -0.04889 170 0 242
-1.54033 1.55665 1.60000 170 0 242
-1.57966 1.43076 -1.60000 170 0 242
-1.52000 0.42787 0.65056 170 0 242
-1.60000 1.04823 0.64566 170 0 242
-1.58315 2.20000 -0.44811 170 0 242
-1.52018 0.00000 1.53622 170 0 242
-1.56519 0.93890 1.60000 170 0 242
-1.57879 0.40916 -1.60000 170 0 242
-1.52000 1.66114 -1.42142 170 0 242
-1.60000 0.54094 1.43954 170 0 242
-1.54398 2.20000 0.73380 170 0 242
-1.55621 0.00000 0.42891 170 0 242
-1.58636 0.81050 1.60000 170 0 242
-1.54201 1.69754 -1.60000 170 0 242
-1.52000 1.45294 0.54744 170 0 242
-1.60000 1.85981 0.19044 170 0 242
-1.54119 2.20000 0.36382 170 0 242
-1.58863 0.00000 -0.46976 170 0 242
-1.52414 1.97324 1.60000 170 0 242
-1.58782 1.29127 -1.60000 170 0 242
-1.52000 2.17443 -1.58119 170 0 242
-1.60000 1.34564 1.25212 170 0 242
-1.53369 2.20000 0.43805 170 0 242
-1.52838 0.00000 1.04125 170 0 242
-1.54214 0.51525 1.60000 170 0 242
-1.52234 0.43086 -1.60000 170 0 242
-1.52000 1.95248 -0.91655 170 0 242
-1.60000 0.70774 0.81455 170 0 242
-1.54937 2.20000 -0.73472 170 0 242
-1.59237 0.00000 -0.96788 170 0 242
-1.59568 1.85453 1.60000 170 0 242
-1.52764 1.75566 -1.60000 170 0 242
-1.52000 1.23333 -1.53019 170 0 242
-1.60000 1.60245 0.38081 170 0 242
-1.56847 2.20000 1.04781 170 0 242
-1.56389 0.00000 -1.29716 170 0 242
-1.55269 1.56639 1.60000 170 0 242
-1.52724 2.17961 -1.60000 170 0 242
-1.52000 1.57021 1.23878 170 0 242
-1.60000 1.72025 -0.25664 170 0 242
-1.52334 2.20000 -0.99756 170 0 242
-1.57968 0.00000 1.15647 170 0 242
-1.53490 0.82161 1.60000 170 0 242
-1.57343 1.93789 -1.60000 170 0 242
-1.52000 1.16450 -1.30388 170 0 242
-1.60000 2.17552 0.72708 170 0 242
-1.58221 2.20000 -0.12285 170 0 242
-1.59211 0.00000 -0.20967 170 0 242
-1.59820 1.60674 1.60000 170 0 242
-1.53959 1.68772 -1.60000 170 0 242
-1.52000 1.67142 1.11862 170 0 242
-1.60000 1.94961 0.52875 170 0 242
-1.56200 2.20000 0.04722 170 0 242
-1.52881 0.00000 0.55230 170 0 242
-1.56326 0.56817 1.60000 170 0 242
-1.59573 0.47464 -1.60000 170 0 242
-1.52000 1.71641 0.32714 170 0 242
-1.60000 1.56768 -1.47275 170 0 242
-1.56142 2.20000 -1.54868 170 0 242
-1.54098 0.00000 -0.96824 170 0 242
-1.54268 1.56708 1.60000 170 0 242
-1.57962 0.25706 -1.60000 170 0 242
-1.52000 1.53353 0.38543 170 0 242
-1.60000 0.63915 0.31438 170 0 242
-1.59689 2.20000 0.64057 170 0 242
-1.54837 0.00000 -1.59748 170 0 242
-1.55947 0.19450 1.60000 170 0 242
-1.55505 0.10178 -1.60000 170 0 242
-1.52000 2.10376 1.06474 170 0 242
-1.60000 1.77466 1.40243 170 0 242
-1.55871 2.20000 -0.74645 170 0 242
-1.52349 0.00000 1.00555 170 0 242
-1.54932 0.70707 1.60000 170 0 242
-1.59964 0.27503 -1.60000 170 0 242
-1.52000 1.22445 -1.37024 170 0 242
-1.60000 1.57750 -0.71384 170 0 242
-1.54525 2.20000 -0.09540 170 0 242
-1.54089 0.00000 -0.40965 170 0 242
-1.54359 1.37846 1.60000 170 0 242
-1.59320 0.19232 -1.60000 170 0 242
-1.52000 1.38542 -0.68917 170 0 242
-1.60000 0.47954 -0.26662 170 0 242
-1.52892 2.20000 -0.05715 170 0 242
-1.56883 0.00000 0.63027 170 0 242
-1.55281 0.44386 1.60000 170 0 242
-1.55719 1.13837 -1.60000 170 0 242
-1.52000 1.00754 -0.82665 170 0 242
-1.60000 2.04880 -0.61172 170 0 242
-1.52067 2.20000 -0.36282 170 0 242
-1.52832 0.00000 1.01419 170 0 242
-1.56110 1.11297 1.60000 170 0 242
-1.52811 1.64568 -1.60000 170 0 242
-1.52000 0.18049 0.54095 170 0 242
-1.60000 0.20176 0.23151 170 0 242
-1.58810 2.20000 -0.51460 170 0 242
-1.55576 0.00000 -0.33814 170 0 242
-1.59502 1.58343 1.60000 170 0 242
-1.59767 2.08523 -1.60000 170 0 242
-1.52000 0.95401 1.55197 170 0 242
-1.60000 1.46337 0.51626 170 0 242
-1.58098 2.20000 -0.83730 170 0 242
-1.58723 0.00000 -1.25137 170 0 242
-1.52218 0.14959 1.60000 170 0 242
-1.57917 0.18198 -1.60000 170 0 242
-1.52000 0.83986 1.47999 170 0 242
-1.60000 1.55698 -1.56925 170 0 242
-1.55946 2.20000 0.55611 170 0 242
-1.55251 0.00000 0.56521 170 0 242
-1.53419 1.00818 1.60000 170 0 242
-1.56736 1.84540 -1.60000 170 0 242
-1.52000 1.65933 -1.10552 170 0 242
-1.60000 1.29756 0.16396 170 0 242
-1.54646 2.20000 -0.57248 170 0 242
-1.58605 0.00000 -1.44078 170 0 242
-1.53661 1.24429 1.60000 170 0 242
-1.54698 0.06946 -1.60000 170 0 242
-1.52000 1.82123 0.30061 170 0 242
-1.60000 0.94094 0.39532 170 0 242
-1.56997 2.20000 1.35553 170 0 242
-1.58262 0.00000 -1.00640 170 0 242
-1.57778 0.49187 1.60000 170 0 242
-1.54333 0.38990 -1.60000 170 0 242
-1.52000 0.30442 -0.21402 170 0 242
-1.60000 1.11076 0.86061 170 0 242
-1.57659 2.20000 1.21848 170 0 242
-1.55934 0.00000 1.09970 170 0 242
-1.56281 0.28157 1.60000 170 0 242
-1.55013 1.73400 -1.60000 170 0 242
-1.52000 0.17601 0.36688 170 0 242
-1.60000 1.98659 0.47890 170 0 242
-1.53655 2.20000 -1.07902 170 0 242
-1.56742 0.00000 0.68530 170 0 242
-1.54268 1.47005 1.60000 170 0 242
-1.54106 0.21307 -1.60000 170 0 242
-1.52000 0.24980 0.51740 170 0 242
-1.60000 2.09996 0.86078 170 0 242
-1.58146 2.20000 -0.82860 170 0 242
-1.57816 0.00000 1.01463 170 0 242
-1.58389 0.40550 1.60000 170 0 242
-1.56064 1.33628 -1.60000 170 0 242
-1.52000 1.94292 -0.14602 170 0 242
-1.60000 1.37094 0.21985 170 0 242
-1.57211 2.20000 -1.53863 170 0 242
-1.55671 0.00000 0.98672 170 0 242
-1.54924 1.68081 1.60000 170 0 242
-1.54226 1.99857 -1.60000 170 0 242
-1.52000 0.46894 1.59404 170 0 242
-1.60000 1.32042 1.51145 170 0 242
-1.53281 2.20000 0.82998 170 0 242
-1.55585 0.00000 -0.02624 170 0 242
-1.53290 0.42230 1.60000 170 0 242
-1.59252 0.83563 -1.60000 170 0 242
-1.52000 0.12866 -1.51290 170 0 242
-1.60000 1.97233 1.23044 170 0 242
-1.54697 2.20000 0.66026 170 0 242
-1.57332 0.00000 0.89184 170 0 242
-1.57471 1.79910 1.60000 170 0 242
-1.52913 2.13504 -1.60000 170 0 242
-1.52000 0.25851 1.13702 170 0 242
-1.60000 2.14933 1.35966 170 0 242
-1.59078 2.20000 -1.19476 170 0 242
-1.55648 0.00000 0.80658 170 0 242
-1.58800 1.92936 1.60000 170 0 242
-1.53879 0.22940 -1.60000 170 0 242
-1.52000 0.64276 0.25159 170 0 242
-1.60000 2.09878 0.76115 170 0 242
-1.52163 2.20000 -0.82381 170 0 242
-1.56115 0.00000 -0.01471 170 0 242
-1.53613 0.61138 1.60000 170 0 242
-1.59433 1.66558 -1.60000 170 0 242
-1.52000 1.18552 -1.38992 170 0 242
-1.60000 1.73994 1.46365 170 0 242
-1.54331 2.20000 1.57905 170 0 242
-1.54364 0.00000 1.02059 170 0 242
-1.54801 0.22325 1.60000 170 0 242
-1.58917 2.00109 -1.60000 170 0 242
-1.52000 1.43716 0.48008 170 0 242
-1.60000 1.70581 0.39091 170 0 242
-1.52107 2.20000 -1.10835 170 0 242
-1.57082 0.00000 0.99205 170 0 242
-1.52653 1.94231 1.60000 170 0 242
-1.58762 0.54273 -1.60000 170 0 242
-1.52000 2.03144 -1.37451 170 0 242
-1.60000 0.51805 1.03135 170 0 242
-1.57412 2.20000 -0.47959 170 0 242
-1.53463 0.00000 -1.58709 170 0 242
-1.53021 1.75615 1.60000 170 0 242
-1.59085 1.48086 -1.60000 170 0 242
-1.52000 0.03712 -0.72179 170 0 242
-1.60000 0.93686 -1.48736 170 0 242
-1.54140 2.20000 -1.26560 170 0 242
-1.52183 0.00000 -0.58652 170 0 242
-1.59808 0.16013 1.60000 170 0 242
-1.58184 0.22280 -1.60000 170 0 242
-1.52000 0.08210 -1.13711 170 0 242
-1.60000 0.24946 0.88017 170 0 242
-1.56202 2.20000 -0.69576 170 0 242
-1.58803 0.00000 -0.24078 170 0 242
-1.52879 2.14070 1.60000 170 0 242
-1.59974 0.21622 -1.60000 170 0 242
-1.52000 1.92791 -0.22343 170 0 242
-1.60000 0.70794 1.08990 170 0 242
-1.57965 2.20000 0.47317 170 0 242
-1.54564 0.00000 -1.04822 170 0 242
-1.57161 2.10970 1.60000 170 0 242
-1.55159 1.45858 -1.60000 170 0 242
-1.52000 0.56302 -1.15228 170 0 242
-1.60000 0.29179 -0.55654 170 0 242
-1.57554 2.20000 1.41268 170 0 242
-1.52187 0.00000 -1.03395 170 0 242
-1.56018 0.90091 1.60000 170 0 242
-1.57564 0.72313 -1.60000 170 0 242
-1.52000 0.57889 -1.34438 170 0 242
-1.60000 2.04477 1.31327 170 0 242
-1.55687 2.20000 -1.53617 170 0 242
-1.57212 0.00000 0.90154 170 0 242
-1.54787 1.14512 1.60000 170 0 242
-1.53418 1.88494 -1.60000 170 0 242
-1.52000 1.59341 -0.38826 170 0 242
-1.60000 0.72557 0.18880 170 0 242
-1.53580 2.20000 1.26871 170 0 242
-1.56325 0.00000 -1.43512 170 0 242
-1.56608 1.54792 1.60000 170 0 242
-1.58957 0.51201 -1.60000 170 0 242
-1.52000 1.26070 1.04598 170 0 242
-1.60000 0.01266 0.87771 170 0 242
-1.52458 2.20000 -1.59406 170 0 242
-1.55432 0.00000 0.32488 170 0 242
-1.58994 0.33949 1.60000 170 0 242
-1.58395 0.86564 -1.60000 170 0 242
-1.52000 2.02615 0.81012 170 0 242
-1.60000 1.42966 -0.09973 170 0 242
-1.58427 2.20000 0.68264 170 0 242
-1.59261 0.00000 -0.40875 170 0 242
-1.52963 0.92008 1.60000 170 0 242
-1.57033 2.04355 -1.60000 170 0 242
-1.52000 0.16246 -0.36089 170 0 242
-1.60000 1.98595 -1.01594 170 0 242
-1.56271 2.20000 1.55196 170 0 242
-1.55426 0.00000 1.06017 170 0 242
-1.53719 1.96040 1.60000 170 0 242
-1.54936 0.47108 -1.60000 170 0 242
-1.52000 1.26329 -0.37554 170 0 242
-1.60000 0.53467 1.23356 170 0 242
-1.55819 2.20000 -1.47248 170 0 242
-1.59149 0.00000 0.50962 170 0 242
-1.56148 0.78852 1.60000 170 0 242
-1.56188 0.17854 -1.60000 170 0 242
-1.52000 0.11396 -0.68843 170 0 242
-1.60000 0.50518 0.00671 170 0 242
-1.59113 2.20000 -0.12032 170 0 242
-1.57834 0.00000 -1.05880 170 0 242
-1.53299 0.83498 1.60000 170 0 242
-1.54035 0.38076 -1.60000 170 0 242
-1.52000 1.63773 -0.23442 170 0 242
-1.60000 1.10149 0.62390 170 0 242
-1.53448 2.20000 0.55266 170 0 242
-1.54402 0.00000 0.27160 170 0 242
-1.54629 0.80959 1.60000 170 0 242
-1.58408 0.21473 -1.60000 170 0 242
-1.52000 1.17164 0.90971 170 0 242
-1.60000 0.11203 0.37978 170 0 242
-1.53999 2.20000 -0.84693 170 0 242
-1.57344 0.00000 1.39178 170 0 242
-1.54078 2.15383 1.60000 170 0 242
-1.58714 0.74433 -1.60000 170 0 242
-1.52000 1.37723 -1.30793 170 0 242
-1.60000 1.14067 -1.30840 170 0 242
-1.59249 2.20000 -1.48574 170 0 242
-1.58947 0.00000 -0.74375 170 0 242
-1.52973 0.44850 1.60000 170 0 242
-1.57503 1.14582 -1.60000 170 0 242
-1.52000 2.12977 -0.44102 170 0 242
-1.60000 0.94411 1.47053 170 0 242
-1.53746 2.20000 0.83937 170 0 242
-1.55376 0.00000 -0.97049 170 0 242
-1.55222 0.29833 1.60000 170 0 242
-1.57669 1.81796 -1.60000 170 0 242
-1.52000 0.92333 0.64075 170 0 242
-1.60000 0.82217 0.20317 170 0 242
-1.58518 2.20000 1.38183 170 0 242
-1.52050 0.00000 0.96115 170 0 242
-1.52417 2.14880 1.60000 170 0 242
-1.57427 2.15762 -1.60000 170 0 242
-1.52000 1.13687 0.29952 170 0 242
-1.60000 0.51300 1.00053 170 0 242
-1.53006 2.20000 1.46927 170 0 242
-1.57519 0.00000 -1.39421 170 0 242
-1.55044 1.18552 1.60000 170 0 242
-1.57790 1.92502 -1.60000 170 0 242
-1.52000 1.91347 0.18138 170 0 242
-1.60000 1.94048 -0.74736 170 0 242
-1.52162 2.20000 1.00754 170 0 242
-1.59886 0.00000 1.09908 170 0 242
-1.54286 0.84137 1.60000 170 0 242
-1.54888 1.43633 -1.60000 170 0 242
-1.52000 2.14264 0.20191 170 0 242
-1.60000 0.57800 -0.11520 170 0 242
-1.52222 2.20000 -0.65709 170 0 242
-1.58998 0.00000 0.37469 170 0 242
-1.55585 2.09954 1.60000 170 0 242
-1.53845 1.00286 -1.60000 170 0 242
-1.52000 0.03604 0.54001 170 0 242
-1.60000 0.42775 0.99990 170 0 242
-1.54863 2.20000 0.52225 170 0 242
-1.54684 0.00000 0.44391 170 0 242
-1.53776 1.92704 1.60000 170 0 242
-1.55588 2.09586 -1.60000 170 0 242
-1.52000 0.03619 1.46055 170 0 242
-1.60000 0.83556 0.95633 170 0 242
-1.59293 2.20000 1.13668 170 0 242
-1.55368 0.00000 0.37049 170 0 242
-1.59833 0.05468 1.60000 170 0 242
-1.55437 1.36051 -1.60000 170 0 242
-1.52000 1.63855 0.64467 170 0 242
-1.60000 1.78387 0.53582 170 0 242
-1.52853 2.20000 1.11454 170 0 242
-1.56780 0.00000 0.82560 170 0 242
-1.52314 0.88211 1.60000 170 0 242
-1.53611 1.34074 -1.60000 170 0 242
-1.52000 1.19539 -0.66911 170 0 242
-1.60000 1.10567 0.89421 170 0 242
-1.52169 2.20000 0.49426 170 0 242
-1.58458 0.00000 0.05695 170 0 242
-1.55613 1.44912 1.60000 170 0 242
-1.56851 0.62299 -1.60000 170 0 242
-1.52000 1.86866 -1.50121 170 0 242
-1.60000 0.51770 0.00990 170 0 242
-1.52000 2.20000 0.38257 170 0 242
-1.54887 0.00000 1.40703 170 0 242
-1.59545 1.59010 1.60000 170 0 242
-1.52157 0.68469 -1.60000 170 0 242
-1.52000 2.08465 -0.04212 170 0 242
-1.60000 2.05166 -1.07736 170 0 242
-1.57327 2.20000 -0.28852 170 0 242
-1.55453 0.00000 0.66072 170 0 242
-1.53809 0.85765 1.60000 170 0 242
-1.55524 1.01809 -1.60000 170 0 242
-1.52000 2.11771 0.26205 170 0 242
-1.60000 1.10279 0.01759 170 0 242
-1.56438 2.20000 0.67016 170 0 242
-1.59146 0.00000 0.02406 170 0 242
-1.56169 1.22505 1.60000 170 0 242
-1.59574 0.86770 -1.60000 170 0 242
-1.52000 0.66477 -0.76213 170 0 242
-1.60000 2.06282 -0.94769 170 0 242
1.60000 1.27245 1.39460 0 200 255
1.52000 1.37809 -0.82942 0 200 255
1.54361 2.20000 0.94359 0 200 255
1.53501 0.00000 0.48840 0 200 255
1.56815 1.65709 1.60000 0 200 255
1.56745 0.67804 -1.60000 0 200 255
1.60000 1.07086 -1.43950 0 200 255
1.52000 2.03234 1.53307 0 200 255
1.55787 2.20000 -1.44184 0 200 255
1.52013 0.00000 -1.47548 0 200 255
1.55995 0.15749 1.60000 0 200 255
1.58804 0.64031 -1.60000 0 200 255
1.60000 1.35310 -0.32957 0 200 255
1.52000 0.17793 -0.39298 0 200 255
1.58464 2.20000 -0.93163 0 200 255
1.59621 0.00000 0.24918 0 200 255
1.58795 1.47342 1.60000 0 200 255
1.55749 2.14346 -1.60000 0 200 255
1.60000 2.11867 0.60242 0 200 255
1.52000 1.51736 0.97944 0 200 255
1.59493 2.20000 0.89821 0 200 255
1.57121 0.00000 -0.37646 0 200 255
1.56143 0.74204 1.60000 0 200 255
1.52543 0.23300 -1.60000 0 200 255
1.60000 1.51370 1.07970 0 200 255
1.52000 1.25852 1.42325 0 200 255
1.52075 2.20000 0.74818 0 200 255
1.58330 0.00000 -1.53200 0 200 255
1.54411 0.16721 1.60000 0 200 255
1.59890 0.13658 -1.60000 0 200 255
1.60000 1.99064 1.03673 0 200 255
1.52000 0.30663 -0.53247 0 200 255
1.52573 2.20000 -1.54895 0 200 255
1.53944 0.00000 0.26454 0 200 255
1.52524 1.84987 1.60000 0 200 255
1.57492 1.51686 -1.60000 0 200 255
1.60000 1.64740 -0.82505 0 200 255
1.52000 0.23264 -0.13335 0 200 255
1.58525 2.20000 -0.77223 0 200 255
1.53224 0.00000 0.05784 0 200 255
1.56101 1.57244 1.60000 0 200 255
1.55237 0.06969 -1.60000 0 200 255
1.60000 2.16287 1.16446 0 200 255
1.52000 1.85258 -0.65438 0 200 255
1.53367 2.20000 0.79814 0 200 255
1.57782 0.00000 -0.61613 0 200 255
1.56222 1.45884 1.60000 0 200 255
1.57763 1.54417 -1.60000 0 200 255
1.60000 0.78580 -0.70840 0 200 255
1.52000 2.15828 -0.75891 0 200 255
1.57794 2.20000 -0.99322 0 200 255
1.55471 0.00000 -0.40069 0 200 255
1.55406 1.11825 1.60000 0 200 255
1.54469 0.11645 -1.60000 0 200 255
1.60000 1.65159 -0.42024 0 200 255
1.52000 1.66096 1.43215 0 200 255
1.55639 2.20000 0.85437 0 200 255
1.52343 0.00000 -0.86320 0 200 255
1.57559 1.60701 1.60000 0 200 255
1.59358 1.37419 -1.60000 0 200 255
1.60000 0.52014 0.92918 0 200 255
1.52000 0.23907 -1.02242 0 200 255
1.54621 2.20000 1.49579 0 200 255
1.59001 0.00000 -1.11277 0 200 255
1.56325 1.73476 1.60000 0 200 255
1.56212 1.90058 -1.60000 0 200 255
1.60000 1.20844 0.57318 0 200 255
1.52000 0.46157 -0.29126 0 200 255
1.55435 2.20000 0.90295 0 200 255
1.58041 0.00000 -0.41703 0 200 255
1.57357 1.33021 1.60000 0 200 255
1.55585 0.54326 -1.60000 0 200 255
1.60000 0.97104 0.99685 0 200 255
1.52000 0.06586 1.43164 0 200 255
1.53879 2.20000 0.11657 0 200 255
1.58832 0.00000 -0.58859 0 200 255
1.58311 0.22480 1.60000 0 200 255
1.55771 2.15577 -1.60000 0 200 255
1.60000 1.99212 -0.28973 0 200 255
1.52000 0.96724 1.27179 0 200 255
1.55572 2.20000 -0.97773 0 200 255
1.56335 0.00000 -0.31088 0 200 255
1.57863 0.85252 1.60000 0 200 255
1.58327 0.13078 -1.60000 0 200 255
1.60000 1.75761 1.32337 0 200 255
1.52000 0.46113 -1.33603 0 200 255
1.59103 2.20000 0.42424 0 200 255
1.57054 0.00000 -1.34049 0 200 255
1.59791 0.26902 1.60000 0 200 255
1.55754 0.57569 -1.60000 0 200 255
1.60000 1.02605 -0.80183 0 200 255
1.52000 2.16707 -0.19480 0 200 255
1.57294 2.20000 -0.68289 0 200 255
1.55690 0.00000 0.06410 0 200 255
1.53382 1.26503 1.60000 0 200 255
1.58530 1.73212 -1.60000 0 200 255
1.60000 2.03717 -0.21555 0 200 255
1.52000 0.04587 -0.43250 0 200 255
1.55100 2.20000 0.57331 0 200 255
1.54965 0.00000 0.24376 0 200 255
1.59778 1.98430 1.60000 0 200 255
1.56832 0.15274 -1.60000 0 200 255
1.60000 1.24173 -0.47797 0 200 255
1.52000 0.91490 0.82769 0 200 255
1.58712 2.20000 -0.46092 0 200 255
1.59252 0.00000 -0.83986 0 200 255
1.55241 1.43048 1.60000 0 200 255
1.58521 1.95859 -1.60000 0 200 255
1.60000 1.78246 -1.06421 0 200 255
1.52000 1.19219 -1.47163 0 200 255
1.59397 2.20000 -0.28141 0 200 255
1.52353 0.00000 -0.94214 0 200 255
1.52509 0.99177 1.60000 0 200 255
1.53193 0.03443 -1.60000 0 200 255
1.60000 0.11135 1.22017 0 200 255
1.52000 0.11145 -0.72722 0 200 255
1.55743 2.20000 0.66004 0 200 255
1.56165 0.00000 0.97593 0 200 255
1.59885 2.10353 1.60000 0 200 255
1.56032 0.08280 -1.60000 0 200 255
1.60000 0.45259 -0.73554 0 200 255
1.52000 0.92839 -0.97876 0 200 255
1.55891 2.20000 1.30788 0 200 255
1.58410 0.00000 0.77021 0 200 255
1.52081 1.36498 1.60000 0 200 255
1.56078 1.59335 -1.60000 0 200 255
1.60000 0.58180 0.22697 0 200 255
1.52000 0.44875 1.43451 0 200 255
1.57913 2.20000 0.80012 0 200 255
1.59623 0.00000 1.25283 0 200 255
1.57311 1.34035 1.60000 0 200 255
1.58937 1.55196 -1.60000 0 200 255
1.60000 0.92565 0.26917 0 200 255
1.52000 0.71854 1.20864 0 200 255
1.54986 2.20000 0.66528 0 200 255
1.56833 0.00000 -0.34285 0 200 255
1.52679 1.09145 1.60000 0 200 255
1.55744 1.63025 -1.60000 0 200 255
1.60000 1.02722 -0.62860 0 200 255
1.52000 1.78094 0.17966 0 200 255
1.52307 2.20000 -1.31722 0 200 255
1.54153 0.00000 0.98256 0 200 255
1.56685 1.16885 1.60000 0 200 255
1.58347 2.08555 -1.60000 0 200 255
1.60000 0.06389 1.06650 0 200 255
1.52000 2.17370 0.47668 0 200 255
1.54780 2.20000 1.27200 0 200 255
1.57104 0.00000 1.58547 0 200 255
1.57260 2.19507 1.60000 0 200 255
1.53272 0.65675 -1.60000 0 200 255
1.60000 1.30848 1.31371 0 200 255
1.52000 1.56115 0.57266 0 200 255
1.57088 2.20000 -1.53274 0 200 255
1.59496 0.00000 -0.15616 0 200 255
1.55247 1.79979 1.60000 0 200 255
1.56970 0.85983 -1.60000 0 200 255
1.60000 1.61267 -0.97111 0 200 255
1.52000 1.49400 1.10076 0 200 255
1.53674 2.20000 0.98997 0 200 255
1.53896 0.00000 -0.24618 0 200 255
1.58156 2.10330 1.60000 0 200 255
1.59526 0.94506 -1.60000 0 200 255
1.60000 1.09191 -0.68653 0 200 255
1.52000 0.99338 -0.10180 0 200 255
1.57620 2.20000 0.38588 0 200 255
1.57082 0.00000 -0.75683 0 200 255
1.58642 1.84125 1.60000 0 200 255
1.55930 0.44500 -1.60000 0 200 255
1.60000 1.97563 0.89475 0 200 255
1.52000 0.01558 -0.61754 0 200 255
1.57856 2.20000 0.09189 0 200 255
1.57618 0.00000 1.25019 0 200 255
1.54779 0.57411 1.60000 0 200 255
1.58385 1.27911 -1.60000 0 200 255
1.60000 0.10608 0.04034 0 200 255
1.52000 0.42982 0.31789 0 200 255
1.55652 2.20000 -0.68850 0 200 255
1.59557 0.00000 0.54436 0 200 255
1.57607 0.79580 1.60000 0 200 255
1.52269 0.36645 -1.60000 0 200 255
1.60000 1.48868 1.47606 0 200 255
1.52000 0.61930 -1.10915 0 200 255
1.55101 2.20000 -0.63943 0 200 255
1.53638 0.00000 -1.24213 0 200 255
1.55845 1.49993 1.60000 0 200 255
1.55664 1.42997 -1.60000 0 200 255
1.60000 0.89668 -1.21923 0 200 255
1.52000 1.72579 0.42191 0 200 255
1.56619 2.20000 0.56380 0 200 255
1.57701 0.00000 -1.14829 0 200 255
1.55809 0.09209 1.60000 0 200 255
1.59867 0.44036 -1.60000 0 200 255
1.60000 0.40939 -0.82490 0 200 255
1.52000 1.86945 1.58235 0 200 255
1.58243 2.20000 -0.05597 0 200 255
1.55758 0.00000 -0.47807 0 200 255
1.57083 1.35800 1.60000 0 200 255
1.53495 1.59820 -1.60000 0 200 255
1.60000 2.12931 1.45456 0 200 255
1.52000 1.66520 1.02745 0 200 255
1.55458 2.20000 -1.17680 0 200 255
1.55919 0.00000 -0.32018 0 200 255
1.59723 2.13089 1.60000 0 200 255
1.59121 0.68796 -1.60000 0 200 255
1.60000 1.53017 -1.10917 0 200 255
1.52000 0.87547 1.17650 0 200 255
1.53055 2.20000 -0.79906 0 200 255
1.54866 0.00000 0.53744 0 200 255
1.52558 0.98669 1.60000 0 200 255
1.56065 0.05067 -1.60000 0 200 255
1.60000 1.75170 -0.71784 0 200 255
1.52000 1.95021 0.56887 0 200 255
1.52200 2.20000 -1.48149 0 200 255
1.57098 0.00000 1.48522 0 200 255
1.59038 0.59724 1.60000 0 200 255
1.55766 0.69471 -1.60000 0 200 255
1.60000 1.36513 -0.50555 0 200 255
1.52000 1.92591 0.24197 0 200 255
1.53939 2.20000 0.67553 0 200 255
1.52876 0.00000 0.50053 0 200 255
1.56525 1.12395 1.60000 0 200 255
1.58294 1.92527 -1.60000 0 200 255
1.60000 0.05858 0.54922 0 200 255
1.52000 0.42311 0.24933 0 200 255
1.56365 2.20000 -1.06292 0 200 255
1.52770 0.00000 0.67120 0 200 255
1.59942 2.17616 1.60000 0 200 255
1.55320 0.30218 -1.60000 0 200 255
1.60000 1.09861 -0.59886 0 200 255
1.52000 1.76817 1.50108 0 200 255
1.53054 2.20000 1.22901 0 200 255
1.57862 0.00000 0.45914 0 200 255
1.53830 2.13650 1.60000 0 200 255
1.59861 0.18470 -1.60000 0 200 255
1.60000 0.34652 -1.47435 0 200 255
1.52000 0.27188 0.55893 0 200 255
1.52703 2.20000 1.13367 0 200 255
1.59499 0.00000 1.51897 0 200 255
1.55302 0.25289 1.60000 0 200 255
1.54763 2.13597 -1.60000 0 200 255
1.60000 0.27457 -0.04844 0 200 255
1.52000 0.60781 -0.27698 0 200 255
1.56425 2.20000 -0.34637 0 200 255
1.59814 0.00000 -1.22154 0 200 255
1.54137 0.40111 1.60000 0 200 255
1.58737 1.83280 -1.60000 0 200 255
1.60000 1.65506 1.48475 0 200 255
1.52000 0.40396 0.93014 0 200 255
1.56051 2.20000 0.76209 0 200 255
1.53154 0.00000 0.15863 0 200 255
1.57636 0.43861 1.60000 0 200 255
1.53169 0.46877 -1.60000 0 200 255
1.60000 2.09328 -1.22661 0 200 255
1.52000 0.76339 0.06621 0 200 255
1.57670 2.20000 0.35669 0 200 255
1.55934 0.00000 -1.38802 0 200 255
1.57874 1.81725 1.60000 0 200 255
1.53877 1.17442 -1.60000 0 200 255
1.60000 1.82416 -0.21455 0 200 255
1.52000 0.27569 0.18412 0 200 255
1.56052 2.20000 -0.11713 0 200 255
1.53369 0.00000 -1.22442 0 200 255
1.54922 1.88656 1.60000 0 200 255
1.57697 0.97415 -1.60000 0 200 255
1.60000 0.48465 0.13698 0 200 255
1.52000 1.75327 -0.68893 0 200 255
1.55400 2.20000 0.37750 0 200 255
1.54894 0.00000 -0.11085 0 200 255
1.53797 1.64231 1.60000 0 200 255
1.58146 0.26384 -1.60000 0 200 255
1.60000 1.17851 -0.43795 0 200 255
1.52000 0.57524 -0.11744 0 200 255
1.57749 2.20000 1.23597 0 200 255
1.58254 0.00000 -1.05430 0 200 255
1.54221 1.38647 1.60000 0 200 255
1.55837 1.92861 -1.60000 0 200 255
1.60000 0.79504 -1.28170 0 200 255
1.52000 0.47770 0.85268 0 200 255
1.53876 2.20000 1.35017 0 200 255
1.53624 0.00000 -0.03905 0 200 255
1.53546 0.89958 1.60000 0 200 255
1.56192 1.46012 -1.60000 0 200 255
1.60000 1.56528 -0.54225 0 200 255
1.52000 2.05964 -1.40834 0 200 255
1.52525 2.20000 -0.26960 0 200 255
1.57062 0.00000 -1.10151 0 200 255
1.58371 0.79066 1.60000 0 200 255
1.55628 0.17843 -1.60000 0 200 255
1.60000 0.89554 1.48699 0 200 255
1.52000 0.61939 -1.12740 0 200 255
1.59074 2.20000 1.09705 0 200 255
1.59611 0.00000 -0.40823 0 200 255
1.54780 0.67116 1.60000 0 200 255
1.56515 0.23648 -1.60000 0 200 255
1.60000 1.47825 -0.65684 0 200 255
1.52000 1.04614 -1.17997 0 200 255
1.53586 2.20000 0.95971 0 200 255
1.52247 0.00000 -0.22267 0 200 255
1.56289 0.75123 1.60000 0 200 255
1.57330 1.78554 -1.60000 0 200 255
1.60000 1.72419 -1.28738 0 200 255
1.52000 1.66399 0.29338 0 200 255
1.53840 2.20000 0.08356 0 200 255
1.52276 0.00000 1.31064 0 200 255
1.53532 0.92737 1.60000 0 200 255
1.52872 1.82893 -1.60000 0 200 255
1.60000 1.43193 0.59989 0 200 255
1.52000 0.23369 0.39548 0 200 255
1.53689 2.20000 0.24302 0 200 255
1.52439 0.00000 -1.41023 0 200 255
1.55250 1.25611 1.60000 0 200 255
1.58349 2.04281 -1.60000 0 200 255
1.60000 0.35627 -1.01190 0 200 255
1.52000 1.62111 -0.82762 0 200 255
1.54373 2.20000 1.40684 0 200 255
1.59558 0.00000 -0.22876 0 200 255
1.59581 1.02218 1.60000 0 200 255
1.53596 0.28615 -1.60000 0 200 255
1.60000 0.84433 -0.77463 0 200 255
1.52000 1.55096 -0.92552 0 200 255
1.57104 2.20000 0.46789 0 200 255
1.58246 0.00000 -0.28379 0 200 255
1.53943 1.43818 1.60000 0 200 255
1.58567 0.17392 -1.60000 0 200 255
1.60000 0.03255 0.63595 0 200 255
1.52000 0.15879 -0.57325 0 200 255
1.55392 2.20000 0.51113 0 200 255
1.59425 0.00000 -0.11563 0 200 255
1.56639 0.31863 1.60000 0 200 255
1.54789 2.08534 -1.60000 0 200 255
1.60000 1.34808 -1.45980 0 200 255
1.52000 0.00651 -0.97022 0 200 255
1.55986 2.20000 0.89998 0 200 255
1.57669 0.00000 0.04344 0 200 255
1.59196 1.14902 1.60000 0 200 255
1.57135 0.24114 -1.60000 0 200 255
1.60000 1.01057 -0.96860 0 200 255
1.52000 0.19233 1.08310 0 200 255
1.52215 2.20000 -1.47303 0 200 255
1.54617 0.00000 0.35712 0 200 255
1.52902 2.07154 1.60000 0 200 255
1.57191 1.89343 -1.60000 0 200 255
1.60000 0.45592 -1.57134 0 200 255
1.52000 1.71012 0.27376 0 200 255
1.58846 2.20000 0.75667 0 200 255
1.58283 0.00000 -1.10988 0 200 255
1.57949 1.90193 1.60000 0 200 255
1.52509 0.30888 -1.60000 0 200 255
1.60000 0.11940 1.46324 0 200 255
1.52000 0.32262 -1.26568 0 200 255
1.58063 2.20000 -0.65002 0 200 255
1.59579 0.00000 0.98007 0 200 255
1.53522 0.51470 1.60000 0 200 255
1.56742 0.75537 -1.60000 0 200 255
1.60000 2.03872 0.97607 0 200 255
1.52000 1.97871 1.49782 0 200 255
1.57388 2.20000 0.22005 0 200 255
1.55702 0.00000 0.91824 0 200 255
1.56865 1.68568 1.60000 0 200 255
1.52374 0.05087 -1.60000 0 200 255
1.60000 1.65510 0.60896 0 200 255
1.52000 0.05548 1.20885 0 200 255
1.58062 2.20000 -0.90748 0 200 255
1.57775 0.00000 -0.12195 0 200 255
1.57104 1.18813 1.60000 0 200 255
1.56098 1.53249 -1.60000 0 200 255
1.60000 1.96217 -0.51947 0 200 255
1.52000 1.32468 -0.04930 0 200 255
1.58727 2.20000 0.06603 0 200 255
1.55125 0.00000 -0.10269 0 200 255
1.56703 1.63303 1.60000 0 200 255
1.58739 1.01907 -1.60000 0 200 255
1.60000 1.05220 0.63738 0 200 255
1.52000 2.15372 0.29365 0 200 255
1.59431 2.20000 -0.70756 0 200 255
1.52552 0.00000 -1.32733 0 200 255
1.58337 0.62395 1.60000 0 200 255
1.59202 1.81472 -1.60000 0 200 255
1.60000 1.88580 0.63763 0 200 255
1.52000 0.47623 1.01590 0 200 255
1.57163 2.20000 0.36953 0 200 255
1.57936 0.00000 -1.29451 0 200 255
1.52208 2.11514 1.60000 0 200 255
1.56142 0.20365 -1.60000 0 200 255
1.60000 0.07124 -0.16053 0 200 255
1.52000 0.67753 -0.50154 0 200 255
1.52961 2.20000 -0.04463 0 200 255
1.54570 0.00000 -1.32975 0 200 255
1.54169 2.06813 1.60000 0 200 255
1.54507 1.43551 -1.60000 0 200 255
1.60000 1.67362 0.06756 0 200 255
1.52000 0.27172 1.50468 0 200 255
1.58709 2.20000 1.27278 0 200 255
1.58898 0.00000 0.31408 0 200 255
1.55562 1.48865 1.60000 0 200 255
1.55950 0.35283 -1.60000 0 200 255
1.60000 1.08688 0.04247 0 200 255
1.52000 0.29250 -0.90472 0 200 255
1.57974 2.20000 -0.92977 0 200 255
1.54177 0.00000 0.66000 0 200 255
1.55956 1.76532 1.60000 0 200 255
1.59354 0.91618 -1.60000 0 200 255
1.60000 1.43032 -0.22763 0 200 255
1.52000 1.40444 0.15961 0 200 255
1.53437 2.20000 0.97825 0 200 255
1.58424 0.00000 -1.50288 0 200 255
1.59075 0.61959 1.60000 0 200 255
1.54085 2.17761 -1.60000 0 200 255
1.60000 0.23177 1.22189 0 200 255
1.52000 1.91367 1.40886 0 200 255
1.58657 2.20000 -1.12417 0 200 255
1.59978 0.00000 -0.23129 0 200 255
1.52390 1.64169 1.60000 0 200 255
1.53005 1.22666 -1.60000 0 200 255
1.60000 2.14939 -0.82815 0 200 255
1.52000 1.58603 -0.21317 0 200 255
1.58410 2.20000 0.20599 0 200 255
1.52339 0.00000 -0.24578 0 200 255
1.54764 0.01608 1.60000 0 200 255
1.59834 1.23161 -1.60000 0 200 255
1.60000 0.38771 -1.20349 0 200 255
1.52000 1.46592 0.19209 0 200 255
1.52829 2.20000 0.20810 0 200 255
1.55034 0.00000 0.64965 0 200 255
1.58974 0.92661 1.60000 0 200 255
1.56613 1.78899 -1.60000 0 200 255
1.60000 1.29792 -1.45435 0 200 255
1.52000 1.16342 0.55941 0 200 255
1.52881 2.20000 1.33858 0 200 255
1.52947 0.00000 1.34532 0 200 255
1.53066 1.67116 1.60000 0 200 255
1.52646 1.03479 -1.60000 0 200 255
1.60000 1.13636 1.13008 0 200 255
1.52000 0.58169 0.69693 0 200 255
1.54721 2.20000 -1.10854 0 200 255
1.57248 0.00000 0.77586 0 200 255
1.57080 0.34161 1.60000 0 200 255
1.53624 0.94299 -1.60000 0 200 255
1.60000 0.65598 -0.88633 0 200 255
1.52000 0.63899 -0.15003 0 200 255
1.52616 2.20000 1.47027 0 200 255
1.52395 0.00000 -0.05361 0 200 255
1.56391 1.18024 1.60000 0 200 255
1.59715 1.52089 -1.60000 0 200 255
1.60000 0.71034 -1.28837 0 200 255
1.52000 1.77840 0.36164 0 200 255
1.55427 2.20000 -0.93527 0 200 255
1.57312 0.00000 0.77903 0 200 255
1.55877 2.06245 1.60000 0 200 255
1.57952 0.88820 -1.60000 0 200 255
1.60000 1.73522 -1.22187 0 200 255
1.52000 0.47388 -1.22616 0 200 255
1.58996 2.20000 -0.57412 0 200 255
1.57073 0.00000 1.40961 0 200 255
1.59516 1.33128 1.60000 0 200 255
1.58294 2.13171 -1.60000 0 200 255
1.60000 1.74942 -1.20756 0 200 255
1.52000 1.87275 -1.56178 0 200 255
1.53048 2.20000 0.44429 0 200 255
1.54598 0.00000 -0.01929 0 200 255
1.54995 1.91458 1.60000 0 200 255
1.53308 0.46967 -1.60000 0 200 255
1.60000 1.10066 -0.32863 0 200 255
1.52000 1.88603 -1.28485 0 200 255
1.59760 2.20000 1.30826 0 200 255
1.54990 0.00000 0.20348 0 200 255
1.57312 0.09489 1.60000 0 200 255
1.59915 0.91348 -1.60000 0 200 255
1.60000 1.45021 0.25650 0 200 255
1.52000 0.65647 0.60344 0 200 255
1.56566 2.20000 -1.14176 0 200 255
1.55414 0.00000 -1.19197 0 200 255
1.57925 1.32216 1.60000 0 200 255
1.53832 0.29764 -1.60000 0 200 255
1.60000 0.32756 1.37346 0 200 255
1.52000 1.36847 -0.99047 0 200 255
1.57076 2.20000 1.55169 0 200 255
1.53437 0.00000 -0.96955 0 200 255
1.57125 1.14975 1.60000 0 200 255
1.53177 1.64352 -1.60000 0 200 255
1.60000 0.98362 0.56368 0 200 255
1.52000 1.45011 -0.25922 0 200 255
1.57144 2.20000 1.07961 0 200 255
1.53503 0.00000 0.81333 0 200 255
1.57871 1.93015 1.60000 0 200 255
1.55329 1.34279 -1.60000 0 200 255
1.60000 1.39924 1.23438 0 200 255
1.52000 0.97015 0.08300 0 200 255
1.53031 2.20000 -1.01888 0 200 255
1.52577 0.00000 -0.53463 0 200 255
1.53841 1.80552 1.60000 0 200 255
1.58727 1.81644 -1.60000 0 200 255
1.60000 0.36026 0.87441 0 200 255
1.52000 1.00422 -0.67257 0 200 255
1.59251 2.20000 1.19953 0 200 255
1.54016 0.00000 0.84799 0 200 255
1.58322 1.02177 1.60000 0 200 255
1.54292 2.10131 -1.60000 0 200 255
1.60000 0.49659 1.21299 0 200 255
1.52000 1.27299 0.48563 0 200 255
1.59970 2.20000 0.24079 0 200 255
1.54709 0.00000 -0.88313 0 200 255
1.55955 0.67548 1.60000 0 200 255
1.54664 1.05692 -1.60000 0 200 255
1.60000 1.39475 0.59566 0 200 255
1.52000 0.68305 0.59587 0 200 255
1.57748 2.20000 -1.17969 0 200 255
1.58880 0.00000 0.26232 0 200 255
1.59558 1.76585 1.60000 0 200 255
1.59206 0.41416 -1.60000 0 200 255
1.60000 1.61047 -0.11384 0 200 255
1.52000 1.69262 0.05689 0 200 255
1.57295 2.20000 1.28366 0 200 255
1.54688 0.00000 1.26975 0 200 255
1.55320 0.70199 1.60000 0 200 255
1.56594 2.19799 -1.60000 0 200 255
1.60000 1.81328 -0.92986 0 200 255
1.52000 0.25516 -1.30707 0 200 255
1.56707 2.20000 -1.50327 0 200 255
1.55115 0.00000 -1.32559 0 200 255
1.53594 2.16025 1.60000 0 200 255
1.58594 2.09363 -1.60000 0 200 255
1.60000 0.59415 1.11223 0 200 255
1.52000 0.19083 -0.36901 0 200 255
1.55286 2.20000 -1.00389 0 200 255
1.52282 0.00000 -0.83663 0 200 255
1.56408 0.81131 1.60000 0 200 255
1.57606 0.96727 -1.60000 0 200 255
1.60000 0.37566 -0.04968 0 200 255
1.52000 0.80425 0.80544 0 200 255
1.53546 2.20000 -1.20458 0 200 255
1.53132 0.00000 0.94708 0 200 255
1.59013 0.65757 1.60000 0 200 255
1.55899 0.90687 -1.60000 0 200 255
1.60000 0.64066 -0.81860 0 200 255
1.52000 0.36927 0.57026 0 200 255
1.55140 2.20000 0.35307 0 200 255
1.55643 0.00000 -0.98938 0 200 255
1.55416 2.19060 1.60000 0 200 255
1.56865 0.78099 -1.60000 0 200 255
1.60000 2.16228 -0.98157 0 200 255
1.52000 1.16060 0.47969 0 200 255
1.58561 2.20000 1.30339 0 200 255
1.59119 0.00000 -0.96234 0 200 255
1.57272 0.38652 1.60000 0 200 255
1.52783 0.91999 -1.60000 0 200 255
1.60000 0.96419 0.97862 0 200 255
1.52000 0.16438 -0.31443 0 200 255
1.52174 2.20000 0.80503 0 200 255
1.57734 0.00000 0.58379 0 200 255
1.55752 1.70468 1.60000 0 200 255
1.58921 1.42398 -1.60000 0 200 255
1.60000 0.65322 -1.19033 0 200 255
1.52000 0.99249 0.93683 0 200 255
1.58548 2.20000 1.08405 0 200 255
1.56204 0.00000 -1.14794 0 200 255
1.52408 2.16371 1.60000 0 200 255
1.53490 1.33294 -1.60000 0 200 255
1.60000 0.10555 1.29890 0 200 255
1.52000 1.11472 -0.32536 0 200 255
1.53604 2.20000 0.77294 0 200 255
1.52320 0.00000 0.81097 0 200 255
1.56053 1.95927 1.60000 0 200 255
1.55199 1.92361 -1.60000 0 200 255
1.60000 1.12913 1.57523 0 200 255
1.52000 1.22602 0.63426 0 200 255
1.59657 2.20000 -0.29337 0 200 255
1.55696 0.00000 -0.87856 0 200 255
1.59525 1.61929 1.60000 0 200 255
1.52153 0.21825 -1.60000 0 200 255
1.60000 0.20853 0.22518 0 200 255
1.52000 1.29513 -0.17904 0 200 255
1.56361 2.20000 1.30613 0 200 255
1.54586 0.00000 1.05387 0 200 255
1.59449 0.64233 1.60000 0 200 255
1.57301 1.37435 -1.60000 0 200 255
1.60000 1.96163 -0.22295 0 200 255
1.52000 2.07692 1.28560 0 200 255
1.56013 2.20000 -1.50922 0 200 255
1.56836 0.00000 -0.06343 0 200 255
1.54300 0.47065 1.60000 0 200 255
1.58911 1.06385 -1.60000 0 200 255
1.60000 1.86385 0.96515 0 200 255
1.52000 0.94191 -0.02053 0 200 255
1.59604 2.20000 1.14837 0 200 255
1.59135 0.00000 0.29078 0 200 255
1.54992 1.34413 1.60000 0 200 255
1.58033 1.02680 -1.60000 0 200 255
1.60000 2.01399 1.39264 0 200 255
1.52000 2.18283 -1.59524 0 200 255
1.55016 2.20000 -1.26279 0 200 255
1.55085 0.00000 0.58206 0 200 255
1.54799 0.28850 1.60000 0 200 255
1.57091 1.33503 -1.60000 0 200 255
1.60000 1.26733 0.02335 0 200 255
1.52000 0.29312 -0.08770 0 200 255
1.58720 2.20000 -0.62299 0 200 255
1.54978 0.00000 -0.90276 0 200 255
1.56772 0.74677 1.60000 0 200 255
1.52755 0.04882 -1.60000 0 200 255
1.60000 1.35059 -0.62237 0 200 255
1.52000 0.85340 -0.29177 0 200 255
1.53260 2.20000 -1.22301 0 200 255
1.59914 0.00000 0.09309 0 200 255
1.55875 2.00462 1.60000 0 200 255
1.56490 1.96329 -1.60000 0 200 255
1.60000 0.91213 1.54923 0 200 255
1.52000 1.48534 0.98383 0 200 255
1.54252 2.20000 -1.02389 0 200 255
1.52212 0.00000 0.52190 0 200 255
1.53364 0.94922 1.60000 0 200 255
1.56398 0.67120 -1.60000 0 200 255
1.60000 2.15659 -1.52526 0 200 255
1.52000 1.11367 -0.22195 0 200 255
1.52328 2.20000 1.32444 0 200 255
1.56528 0.00000 1.49816 0 200 255
1.53019 0.33815 1.60000 0 200 255
1.57483 1.75599 -1.60000 0 200 255
1.60000 0.11171 0.74893 0 200 255
1.52000 2.09272 -0.22063 0 200 255
1.54579 2.20000 0.05050 0 200 255
1.53772 0.00000 -1.48137 0 200 255
1.54071 1.48539 1.60000 0 200 255
1.58749 0.44524 -1.60000 0 200 255
1.60000 1.76782 1.43591 0 200 255
1.52000 0.98433 -1.59739 0 200 255
1.57022 2.20000 1.17962 0 200 255
1.56902 0.00000 0.93800 0 200 255
1.56123 1.18917 1.60000 0 200 255
1.53269 0.94550 -1.60000 0 200 255
1.60000 0.79098 1.32064 0 200 255
1.52000 0.88748 -1.24877 0 200 255
1.59620 2.20000 -1.15270 0 200 255
1.58716 0.00000 -1.35451 0 200 255
1.54254 0.56715 1.60000 0 200 255
1.59317 0.90220 -1.60000 0 200 255
1.60000 1.52707 0.63446 0 200 255
1.52000 2.17314 -0.31033 0 200 255
1.59615 2.20000 -0.21002 0 200 255
1.58891 0.00000 -0.05412 0 200 255
1.59900 1.87683 1.60000 0 200 255
1.54330 2.19098 -1.60000 0 200 255
1.60000 1.87390 0.11606 0 200 255
1.52000 1.20093 0.71510 0 200 255
1.55592 2.20000 0.51429 0 200 255
1.57717 0.00000 1.48561 0 200 255
1.59056 0.93622 1.60000 0 200 255
1.58924 1.48200 -1.60000 0 200 255
1.60000 1.19989 1.55825 0 200 255
1.52000 2.05909 1.36100 0 200 255
1.58928 2.20000 0.54667 0 200 255
1.53614 0.00000 0.97737 0 200 255
1.54493 1.88763 1.60000 0 200 255
1.52536 0.45729 -1.60000 0 200 255
1.60000 0.39097 -0.08272 0 200 255
1.52000 0.59398 1.08746 0 200 255
1.57305 2.20000 0.37506 0 200 255
1.57431 0.00000 -1.09892 0 200 255
1.52345 1.97290 1.60000 0 200 255
1.52823 1.30522 -1.60000 0 200 255
1.60000 0.80352 -0.70280 0 200 255
1.52000 0.84890 0.72119 0 200 255
1.56698 2.20000 1.16699 0 200 255
1.52709 0.00000 0.35558 0 200 255
1.57567 1.42331 1.60000 0 200 255
1.58729 0.49336 -1.60000 0 200 255
1.60000 1.19508 -0.34428 0 200 255
1.52000 0.78941 -0.98848 0 200 255
1.53941 2.20000 0.41014 0 200 255
1.58989 0.00000 0.78124 0 200 255
1.52857 1.27170 1.60000 0 200 255
1.54797 0.31225 -1.60000 0 200 255
1.60000 0.19743 1.01081 0 200 255
1.52000 0.53332 0.60479 0 200 255
1.55260 2.20000 0.27604 0 200 255
1.54680 0.00000 0.75792 0 200 255
1.56684 1.62303 1.60000 0 200 255
1.55658 0.00976 -1.60000 0 200 255
1.60000 0.76769 1.35837 0 200 255
1.52000 0.54476 0.74362 0 200 255
1.57687 2.20000 -0.10564 0 200 255
1.54810 0.00000 0.35488 0 200 255
1.59882 1.57299 1.60000 0 200 255
1.55484 1.94254 -1.60000 0 200 255
1.60000 0.13859 -0.08449 0 200 255
1.52000 0.34407 1.20527 0 200 255
1.54730 2.20000 0.38714 0 200 255
1.53915 0.00000 0.66099 0 200 255
1.52768 0.76384 1.60000 0 200 255
1.54757 2.15277 -1.60000 0 200 255
1.60000 0.97748 1.58158 0 200 255
1.52000 0.22444 0.18902 0 200 255
1.57282 2.20000 -1.43684 0 200 255
1.58537 0.00000 1.35025 0 200 255
1.54173 1.48392 1.60000 0 200 255
1.60000 1.33076 -1.60000 0 200 255
1.60000 0.73334 -0.07377 0 200 255
1.52000 1.35727 0.38389 0 200 255
1.52324 2.20000 -0.69755 0 200 255
1.54960 0.00000 -0.88961 0 200 255
1.53207 1.56760 1.60000 0 200 255
1.55460 2.05721 -1.60000 0 200 255
1.60000 1.52918 0.46300 0 200 255
1.52000 0.80399 -0.02509 0 200 255
1.54681 2.20000 -1.40309 0 200 255
1.57178 0.00000 -0.66061 0 200 255
1.57571 1.54054 1.60000 0 200 255
1.55859 0.72576 -1.60000 0 200 255
1.60000 0.40580 -1.17126 0 200 255
1.52000 0.58493 0.58966 0 200 255
1.55965 2.20000 -0.08222 0 200 255
1.53986 0.00000 0.24011 0 200 255
1.56106 1.54399 1.60000 0 200 255
1.59741 0.46636 -1.60000 0 200 255
1.60000 2.17815 -1.56787 0 200 255
1.52000 0.21312 -0.18034 0 200 255
1.52975 2.20000 1.39106 0 200 255
1.55062 0.00000 1.17634 0 200 255
1.52157 0.34204 1.60000 0 200 255
1.53585 1.21291 -1.60000 0 200 255
1.60000 0.54084 0.02627 0 200 255
1.52000 1.57565 -1.47030 0 200 255
1.57734 2.20000 -1.23518 0 200 255
1.57143 0.00000 -0.89361 0 200 255
1.56795 1.77983 1.60000 0 200 255
1.59133 0.27147 -1.60000 0 200 255
1.60000 0.82965 -1.01217 0 200 255
1.52000 1.87248 -0.75181 0 200 255
1.54660 2.20000 0.99077 0 200 255
1.56372 0.00000 -1.10207 0 200 255
1.57397 0.09560 1.60000 0 200 255
1.57686 0.90006 -1.60000 0 200 255
1.60000 1.22238 0.22136 0 200 255
1.52000 1.25887 0.19595 0 200 255
1.59210 2.20000 -0.71586 0 200 255
1.53189 0.00000 0.52883 0 200 255
1.58291 0.27393 1.60000 0 200 255
1.52837 0.36733 -1.60000 0 200 255
1.60000 0.06187 1.03645 0 200 255
1.52000 1.43307 1.26458 0 200 255
1.58825 2.20000 -0.47246 0 200 255
1.59573 0.00000 0.96537 0 200 255
1.57478 1.34113 1.60000 0 200 255
1.58395 1.27209 -1.60000 0 200 255
1.60000 0.22963 0.54200 0 200 255
1.52000 0.76515 -1.03558 0 200 255
1.52521 2.20000 0.41068 0 200 255
1.56212 0.00000 0.92193 0 200 255
1.57737 0.58980 1.60000 0 200 255
1.56028 2.09922 -1.60000 0 200 255
1.60000 2.14360 0.93415 0 200 255
1.52000 1.80586 -1.14877 0 200 255
1.57003 2.20000 -0.38385 0 200 255
1.53866 0.00000 0.83064 0 200 255
1.56422 0.96123 1.60000 0 200 255
1.54837 0.49464 -1.60000 0 200 255
1.60000 0.09073 -0.10887 0 200 255
1.52000 1.49096 0.84880 0 200 255
1.57533 2.20000 0.49280 0 200 255
1.55827 0.00000 0.63031 0 200 255
1.55821 0.19274 1.60000 0 200 255
1.52025 1.19889 -1.60000 0 200 255
1.60000 1.95617 0.82134 0 200 255
1.52000 0.15663 1.16742 0 200 255
1.52316 2.20000 0.45846 0 200 255
1.59227 0.00000 -0.72909 0 200 255
1.56655 1.41517 1.60000 0 200 255
1.52082 0.32167 -1.60000 0 200 255
1.60000 1.15320 -1.40804 0 200 255
1.52000 2.15107 -0.55366 0 200 255
1.53175 2.20000 -0.39611 0 200 255
1.54991 0.00000 -1.15572 0 200 255
1.56528 1.71639 1.60000 0 200 255
1.58720 1.42012 -1.60000 0 200 255
1.60000 1.57535 1.07081 0 200 255
1.52000 0.62422 -0.76638 0 200 255
1.59645 2.20000 -0.49026 0 200 255
1.56524 0.00000 -0.97258 0 200 255
1.59573 2.17188 1.60000 0 200 255
1.58125 0.66444 -1.60000 0 200 255
1.60000 2.15260 0.31957 0 200 255
1.52000 0.54324 -1.11510 0 200 255
1.55232 2.20000 -0.42366 0 200 255
1.59958 0.00000 0.14823 0 200 255
1.52800 0.89839 1.60000 0 200 255
1.59110 0.07737 -1.60000 0 200 255
1.60000 1.86353 -1.00805 0 200 255
1.52000 1.01005 0.63327 0 200 255
1.55004 2.20000 0.61853 0 200 255
1.53592 0.00000 -1.52456 0 200 255
1.54536 1.69207 1.60000 0 200 255
1.53184 0.54329 -1.60000 0 200 255
1.60000 1.43188 0.41704 0 200 255
1.52000 1.19356 -0.85298 0 200 255
1.59131 2.20000 0.94594 0 200 255
1.53433 0.00000 1.16041 0 200 255
1.58473 1.43776 1.60000 0 200 255
1.57206 1.39177 -1.60000 0 200 255
1.60000 1.78633 -0.77620 0 200 255
1.52000 1.69716 -0.44346 0 200 255
1.58679 2.20000 0.97798 0 200 255
1.59831 0.00000 -1.24725 0 200 255
1.58228 1.25705 1.60000 0 200 255
1.57880 1.72723 -1.60000 0 200 255
1.60000 0.42402 -0.77210 0 200 255
1.52000 0.62721 -0.71185 0 200 255
1.57882 2.20000 -0.77634 0 200 255
1.58183 0.00000 -0.77368 0 200 255
1.56673 0.26111 1.60000 0 200 255
1.57892 0.14859 -1.60000 0 200 255
1.60000 1.87223 -1.22763 0 200 255
1.52000 2.04510 -1.52942 0 200 255
1.57528 2.20000 0.37951 0 200 255
1.58690 0.00000 1.18712 0 200 255
1.54151 1.37747 1.60000 0 200 255
1.56409 1.87015 -1.60000 0 200 255
1.60000 1.55711 1.52700 0 200 255
1.52000 1.82485 0.64377 0 200 255
1.53296 2.20000 -1.21972 0 200 255
1.59682 0.00000 -0.84001 0 200 255
1.56195 0.25733 1.60000 0 200 255
1.57208 1.22922 -1.60000 0 200 255
1.60000 1.20092 -0.99950 0 200 255
1.52000 1.16686 -0.52702 0 200 255
1.54562 2.20000 -1.35834 0 200 255
1.56721 0.00000 1.57339 0 200 255
1.53166 0.37254 1.60000 0 200 255
1.57692 1.76181 -1.60000 0 200 255
1.60000 0.75769 0.67629 0 200 255
1.52000 2.00510 0.81746 0 200 255
1.58895 2.20000 -0.93850 0 200 255
1.56345 0.00000 -0.29720 0 200 255
1.54011 2.01808 1.60000 0 200 255
1.55841 1.18113 -1.60000 0 200 255
1.60000 1.30000 -1.40177 0 200 255
1.52000 1.53854 0.59959 0 200 255
1.55341 2.20000 -1.34099 0 200 255
1.56675 0.00000 -1.10054 0 200 255
1.56003 0.54408 1.60000 0 200 255
1.58826 0.34558 -1.60000 0 200 255
1.60000 0.45859 1.53896 0 200 255
1.52000 0.54032 -0.40576 0 200 255
1.53632 2.20000 -0.05327 0 200 255
1.55627 0.00000 1.48513 0 200 255
1.59625 2.17816 1.60000 0 200 255
1.58708 0.11009 -1.60000 0 200 255
1.60000 1.71187 0.88455 0 200 255
1.52000 2.18534 1.39594 0 200 255
1.57692 2.20000 -0.98657 0 200 255
1.59395 0.00000 0.80364 0 200 255
1.58684 0.95936 1.60000 0 200 255
1.58991 1.03273 -1.60000 0 200 255
1.60000 0.73981 -1.05854 0 200 255
1.52000 0.11331 1.12300 0 200 255
1.56908 2.20000 -0.51735 0 200 255
1.59626 0.00000 -0.38522 0 200 255
1.53124 0.96420 1.60000 0 200 255
1.58129 0.28811 -1.60000 0 200 255
1.60000 0.00309 -0.78063 0 200 255
1.52000 0.99319 1.09931 0 200 255
1.55706 2.20000 1.24212 0 200 255
1.54329 0.00000 -0.92525 0 200 255
1.55545 0.13615 1.60000 0 200 255
1.53891 0.16256 -1.60000 0 200 255
1.60000 0.14017 -1.25517 0 200 255
1.52000 0.43445 -0.85355 0 200 255
1.57765 2.20000 1.40067 0 200 255
1.57586 0.00000 0.36931 0 200 255
1.52074 1.31846 1.60000 0 200 255
1.58841 1.00124 -1.60000 0 200 255
1.60000 1.44180 -1.51913 0 200 255
1.52000 0.30537 0.64865 0 200 255
1.54411 2.20000 -0.59735 0 200 255
1.54097 0.00000 -1.52422 0 200 255
1.58860 0.27121 1.60000 0 200 255
1.55530 0.58619 -1.60000 0 200 255
1.60000 2.11879 -0.75240 0 200 255
1.52000 1.36942 -1.09660 0 200 255
1.52959 2.20000 -1.36107 0 200 255
1.53467 0.00000 -0.58361 0 200 255
1.55974 0.38555 1.60000 0 200 255
1.58313 1.71459 -1.60000 0 200 255
1.60000 0.28045 -0.36319 0 200 255
1.52000 1.03458 -0.59509 0 200 255
1.52246 2.20000 -0.88382 0 200 255
1.53299 0.00000 -1.18263 0 200 255
1.52886 0.91914 1.60000 0 200 255
1.56576 0.94488 -1.60000 0 200 255
1.60000 0.18805 0.34355 0 200 255
1.52000 1.61981 0.85663 0 200 255
1.54623 2.20000 0.68763 0 200 255
1.59420 0.00000 0.03561 0 200 255
1.56516 0.04732 1.60000 0 200 255
1.55340 1.60056 -1.60000 0 200 255
1.60000 0.58087 0.94176 0 200 255
1.52000 2.06847 1.09396 0 200 255
1.56265 2.20000 1.02900 0 200 255
1.57677 0.00000 0.94217 0 200 255
1.59038 0.55391 1.60000 0 200 255
1.57255 1.28137 -1.60000 0 200 255
1.60000 2.11633 -0.56156 0 200 255
1.52000 2.13079 0.82263 0 200 255
1.56509 2.20000 -0.86050 0 200 255
1.59814 0.00000 0.24035 0 200 255
1.54761 0.55216 1.60000 0 200 255
1.55283 1.14324 -1.60000 0 200 255
1.60000 0.25350 -1.51470 0 200 255
1.52000 0.09277 -0.38490 0 200 255
1.58319 2.20000 -0.47896 0 200 255
1.56040 0.00000 1.29261 0 200 255
1.53196 1.04450 1.60000 0 200 255
1.58177 0.06681 -1.60000 0 200 255
1.60000 1.07305 -1.46195 0 200 255
1.52000 2.04810 -1.59542 0 200 255
1.54753 2.20000 1.18389 0 200 255
1.58509 0.00000 0.97355 0 200 255
1.57976 1.60552 1.60000 0 200 255
1.56153 1.43701 -1.60000 0 200 255
1.60000 2.03445 0.49894 0 200 255
1.52000 1.34132 0.40967 0 200 255
1.56477 2.20000 -0.93607 0 200 255
1.58616 0.00000 1.34039 0 200 255
1.55289 0.76778 1.60000 0 200 255
1.52175 0.86779 -1.60000 0 200 255
1.60000 2.17590 1.57079 0 200 255
1.52000 1.91482 -0.40297 0 200 255
1.54191 2.20000 -0.55291 0 200 255
1.56188 0.00000 -1.21416 0 200 255
1.58520 2.18905 1.60000 0 200 255
1.52259 2.13579 -1.60000 0 200 255
1.60000 1.97352 -1.06145 0 200 255
1.52000 0.94132 -1.10526 0 200 255
1.53451 2.20000 -1.55799 0 200 255
1.54812 0.00000 -1.13561 0 200 255
1.57694 1.25797 1.60000 0 200 255
1.52872 0.35232 -1.60000 0 200 255
1.60000 2.03421 -1.16623 0 200 255
1.52000 0.44711 -1.13326 0 200 255
1.52886 2.20000 0.96298 0 200 255
1.58851 0.00000 -0.29662 0 200 255
1.57886 0.23470 1.60000 0 200 255
1.52733 0.35074 -1.60000 0 200 255
1.60000 0.15071 0.92095 0 200 255
1.52000 0.36683 -1.55903 0 200 255
1.53289 2.20000 -1.25334 0 200 255
1.59963 0.00000 0.83818 0 200 255
1.53325 1.54727 1.60000 0 200 255
1.53987 0.42967 -1.60000 0 200 255
1.60000 0.49524 -1.44393 0 200 255
1.52000 0.96177 0.65603 0 200 255
1.58724 2.20000 0.28087 0 200 255
1.55856 0.00000 1.06490 0 200 255
1.53046 1.63716 1.60000 0 200 255
1.58863 1.43123 -1.60000 0 200 255
1.60000 1.97091 1.34432 0 200 255
1.52000 0.67983 0.79541 0 200 255
1.56853 2.20000 0.96958 0 200 255
1.52102 0.00000 -1.36540 0 200 255
1.53460 1.63318 1.60000 0 200 255
1.59719 0.77606 -1.60000 0 200 255
1.60000 0.86918 -0.71952 0 200 255
1.52000 1.89309 -1.18127 0 200 255
1.52352 2.20000 1.03847 0 200 255
1.56316 0.00000 -0.62049 0 200 255
1.56337 0.20831 1.60000 0 200 255
1.52669 0.20354 -1.60000 0 200 255
1.60000 0.85017 0.93702 0 200 255
1.52000 0.60104 0.09573 0 200 255
1.56697 2.20000 -1.28683 0 200 255
1.54323 0.00000 0.59731 0 200 255
1.55701 2.12859 1.60000 0 200 255
1.57019 0.97138 -1.60000 0 200 255
1.60000 1.88795 -0.99658 0 200 255
1.52000 0.32820 -0.58472 0 200 255
1.58041 2.20000 -1.21891 0 200 255
1.56514 0.00000 -0.33479 0 200 255
1.55566 1.98467 1.60000 0 200 255
1.58313 1.52863 -1.60000 0 200 255
1.60000 1.45960 0.63094 0 200 255
1.52000 0.51805 -0.73196 0 200 255
1.53905 2.20000 -0.32951 0 200 255
1.56290 0.00000 0.41603 0 200 255
1.53995 0.47697 1.60000 0 200 255
1.56470 0.80590 -1.60000 0 200 255
1.60000 0.39059 -0.92868 0 200 255
1.52000 1.02007 -0.56975 0 200 255
1.57500 2.20000 -1.20540 0 200 255
1.59377 0.00000 -0.30666 0 200 255
1.56604 0.74503 1.60000 0 200 255
1.59785 0.03780 -1.60000 0 200 255
1.60000 1.29887 -1.53708 0 200 255
1.52000 0.29504 -0.18865 0 200 255
1.58656 2.20000 -0.64133 0 200 255
1.59626 0.00000 -0.81246 0 200 255
1.53725 0.81298 1.60000 0 200 255
1.53982 2.17251 -1.60000 0 200 255
1.60000 0.94671 -0.09882 0 200 255
1.52000 1.30307 -0.99691 0 200 255
1.55480 2.20000 0.30326 0 200 255
1.55304 0.00000 1.36433 0 200 255
1.53417 0.23470 1.60000 0 200 255
1.55713 1.65531 -1.60000 0 200 255
1.60000 1.82414 -0.13261 0 200 255
1.52000 1.31045 -0.11293 0 200 255
1.57003 2.20000 -0.70935 0 200 255
1.57896 0.00000 1.56019 0 200 255
1.53937 2.08639 1.60000 0 200 255
1.58237 1.20852 -1.60000 0 200 255
1.60000 1.31805 0.47448 0 200 255
1.52000 0.86933 -1.33392 0 200 255
1.53034 2.20000 0.01131 0 200 255
1.56945 0.00000 -1.09238 0 200 255
1.54546 1.78367 1.60000 0 200 255
1.52302 0.13511 -1.60000 0 200 255
1.60000 1.49021 0.44683 0 200 255
1.52000 0.55026 0.44515 0 200 255
1.52265 2.20000 0.42416 0 200 255
1.52429 0.00000 0.22197 0 200 255
1.58345 0.51556 1.60000 0 200 255
1.58688 1.03510 -1.60000 0 200 255
1.60000 0.10054 -0.46637 0 200 255
1.52000 1.38511 1.41509 0 200 255
1.52459 2.20000 -0.31611 0 200 255
1.56341 0.00000 -0.51047 0 200 255
1.58991 0.55158 1.60000 0 200 255
1.54057 0.61010 -1.60000 0 200 255
1.60000 1.11308 -0.80484 0 200 255
1.52000 1.18775 -0.97985 0 200 255
1.54335 2.20000 1.28738 0 200 255
1.52970 0.00000 0.77387 0 200 255
1.55981 0.54477 1.60000 0 200 255
1.56177 1.78734 -1.60000 0 200 255
1.60000 0.80397 0.70208 0 200 255
1.52000 0.00064 0.46617 0 200 255
1.56153 2.20000 0.45019 0 200 255
1.56989 0.00000 0.57405 0 200 255
1.58133 1.12153 1.60000 0 200 255
1.58920 1.66782 -1.60000 0 200 255
1.60000 1.26725 -0.17537 0 200 255
1.52000 1.59273 -0.39925 0 200 255
1.55090 2.20000 0.47430 0 200 255
1.58777 0.00000 -0.25770 0 200 255
1.59314 0.28846 1.60000 0 200 255
1.52371 2.11592 -1.60000 0 200 255
1.60000 0.70728 -0.17575 0 200 255
1.52000 0.22033 0.39887 0 200 255
1.53550 2.20000 0.20235 0 200 255
1.58224 0.00000 -0.12624 0 200 255
1.53543 0.74336 1.60000 0 200 255
1.55822 0.85202 -1.60000 0 200 255
1.60000 1.08740 1.40227 0 200 255
1.52000 0.54407 -1.16747 0 200 255
1.57263 2.20000 -1.23378 0 200 255
1.52478 0.00000 -1.23889 0 200 255
1.59439 0.19859 1.60000 0 200 255
1.56464 1.67942 -1.60000 0 200 255
1.60000 1.73140 1.10066 0 200 255
1.52000 0.46168 1.28183 0 200 255
1.58411 2.20000 -0.63400 0 200 255
1.58144 0.00000 0.48904 0 200 255
1.57431 2.18069 1.60000 0 200 255
1.58936 1.00846 -1.60000 0 200 255
1.60000 0.31004 -0.35383 0 200 255
1.52000 2.09524 -0.68351 0 200 255
1.54146 2.20000 1.47058 0 200 255
1.52274 0.00000 1.26296 0 200 255
1.56898 0.74990 1.60000 0 200 255
1.53378 1.76102 -1.60000 0 200 255
1.60000 1.49453 -1.07381 0 200 255
1.52000 1.00871 -0.66292 0 200 255
1.55133 2.20000 0.02779 0 200 255
1.57469 0.00000 -0.55741 0 200 255
1.55871 1.28720 1.60000 0 200 255
1.58659 2.14328 -1.60000 0 200 255
1.60000 1.95953 -1.30122 0 200 255
1.52000 0.01474 -0.69877 0 200 255
1.59614 2.20000 0.57113 0 200 255
1.58378 0.00000 -1.10617 0 200 255
1.59318 0.86457 1.60000 0 200 255
1.52138 1.98338 -1.60000 0 200 255
1.60000 0.43598 0.24622 0 200 255
1.52000 2.18885 -0.23593 0 200 255
1.53405 2.20000 1.06311 0 200 255
1.55131 0.00000 0.98280 0 200 255
1.53328 1.20695 1.60000 0 200 255
1.59364 1.50176 -1.60000 0 200 255
1.60000 0.85233 -0.17910 0 200 255
1.52000 1.55533 -1.02752 0 200 255
1.53276 2.20000 0.13040 0 200 255
1.54604 0.00000 -0.97018 0 200 255
1.58236 0.21724 1.60000 0 200 255
1.53399 1.56377 -1.60000 0 200 255
1.60000 0.02943 -0.01870 0 200 255
1.52000 1.33180 1.59074 0 200 255
1.58730 2.20000 0.85289 0 200 255
1.57691 0.00000 -0.02937 0 200 255
1.55360 1.08334 1.60000 0 200 255
1.55274 0.94021 -1.60000 0 200 255
1.60000 1.49532 -0.47209 0 200 255
1.52000 0.13275 -0.57812 0 200 255
1.59187 2.20000 -0.30654 0 200 255
1.56780 0.00000 -0.81577 0 200 255
1.56543 0.29381 1.60000 0 200 255
1.56276 0.81838 -1.60000 0 200 255
1.60000 2.06805 0.15704 0 200 255
1.52000 0.16301 0.89726 0 200 255
1.56202 2.20000 -0.45243 0 200 255
1.57529 0.00000 -0.79145 0 200 255
1.54391 0.60889 1.60000 0 200 255
1.58950 1.54968 -1.60000 0 200 255
1.60000 0.26537 -0.82907 0 200 255
1.52000 1.82737 -1.10038 0 200 255
1.59532 2.20000 0.58365 0 200 255
1.58167 0.00000 -1.13559 0 200 255
1.52158 0.37859 1.60000 0 200 255
1.56333 0.13072 -1.60000 0 200 255
1.60000 1.68961 -1.43204 0 200 255
1.52000 0.87439 0.89618 0 200 255
1.52801 2.20000 -1.50157 0 200 255
1.56429 0.00000 -0.60124 0 200 255
1.55895 1.71714 1.60000 0 200 255
1.53747 0.45248 -1.60000 0 200 255
1.60000 0.46829 0.98388 0 200 255
1.52000 2.07716 0.57407 0 200 255
1.53255 2.20000 1.12123 0 200 255
1.57088 0.00000 0.56917 0 200 255
1.53424 0.97267 1.60000 0 200 255
1.52609 0.48211 -1.60000 0 200 255
1.60000 0.47138 -1.47741 0 200 255
1.52000 1.46196 -0.67067 0 200 255
1.55809 2.20000 -0.71089 0 200 255
1.57997 0.00000 1.26004 0 200 255
1.57293 1.26674 1.60000 0 200 255
1.53192 1.37693 -1.60000 0 200 255
1.60000 1.99470 -0.55525 0 200 255
1.52000 0.70931 1.22091 0 200 255
1.55169 2.20000 -0.35161 0 200 255
1.59061 0.00000 0.44265 0 200 255
1.54054 1.58305 1.60000 0 200 255
1.56394 1.46059 -1.60000 0 200 255
1.60000 0.57865 -1.13655 0 200 255
1.52000 1.36521 0.31843 0 200 255
1.53527 2.20000 0.26097 0 200 255
1.55689 0.00000 1.17162 0 200 255
1.54742 0.91125 1.60000 0 200 255
1.56022 0.82723 -1.60000 0 200 255
1.60000 0.40889 -0.12362 0 200 255
1.52000 0.54735 -0.50020 0 200 255
1.52587 2.20000 -0.80183 0 200 255
1.57522 0.00000 0.47658 0 200 255
1.57002 1.92364 1.60000 0 200 255
1.59969 1.22873 -1.60000 0 200 255
1.60000 0.06601 0.52853 0 200 255
1.52000 1.77695 -1.15668 0 200 255
1.53486 2.20000 0.12253 0 200 255
1.54757 0.00000 0.01254 0 200 255
1.58410 2.01321 1.60000 0 200 255
1.52550 1.21231 -1.60000 0 200 255
1.60000 1.09672 -0.33765 0 200 255
1.52000 1.93256 1.54982 0 200 255
1.54302 2.20000 -1.46969 0 200 255
1.58468 0.00000 1.58080 0 200 255
1.57708 1.62983 1.60000 0 200 255
1.53609 1.98143 -1.60000 0 200 255
1.60000 1.37640 -0.17554 0 200 255
1.52000 1.11071 0.00533 0 200 255
1.57756 2.20000 0.99887 0 200 255
1.57430 0.00000 1.04140 0 200 255
1.52402 1.59978 1.60000 0 200 255
1.54357 1.16051 -1.60000 0 200 255
1.60000 2.09884 0.55208 0 200 255
1.52000 0.97731 -0.34005 0 200 255
1.52701 2.20000 -0.73218 0 200 255
1.56038 0.00000 -1.56529 0 200 255
1.59985 0.72267 1.60000 0 200 255
1.58024 0.89689 -1.60000 0 200 255
1.60000 1.97011 -0.04648 0 200 255
1.52000 0.05631 1.48879 0 200 255
1.54494 2.20000 1.11282 0 200 255
1.59555 0.00000 0.79014 0 200 255
1.54616 0.28829 1.60000 0 200 255
1.57826 2.14228 -1.60000 0 200 255
1.60000 0.60767 -0.53966 0 200 255
1.52000 0.54318 0.10362 0 200 255
1.59608 2.20000 1.29173 0 200 255
1.54116 0.00000 0.21469 0 200 255
1.53825 0.07228 1.60000 0 200 255
1.56484 0.29954 -1.60000 0 200 255
1.60000 1.96719 0.77087 0 200 255
1.52000 1.86608 -1.47598 0 200 255
1.54011 2.20000 1.25896 0 200 255
1.56217 0.00000 -0.89113 0 200 255
1.57451 0.88787 1.60000 0 200 255
1.59024 1.81073 -1.60000 0 200 255
1.60000 2.06262 0.41099 0 200 255
1.52000 1.84792 -0.13318 0 200 255
1.54562 2.20000 1.54755 0 200 255
1.55460 0.00000 1.57678 0 200 255
1.59467 1.97350 1.60000 0 200 255
1.59050 0.65284 -1.60000 0 200 255
1.60000 0.66078 -0.43926 0 200 255
1.52000 0.87385 0.23772 0 200 255
1.55051 2.20000 0.11358 0 200 255
1.53410 0.00000 -0.90500 0 200 255
1.57365 0.84764 1.60000 0 200 255
1.54238 0.62339 -1.60000 0 200 255
1.60000 1.45832 -0.55855 0 200 255
1.52000 0.57592 1.53023 0 200 255
1.58047 2.20000 -0.78084 0 200 255
1.53506 0.00000 0.96459 0 200 255
1.54935 0.46033 1.60000 0 200 255
1.53960 1.80274 -1.60000 0 200 255
1.60000 2.02094 0.35076 0 200 255
1.52000 0.27214 -0.18385 0 200 255
1.53454 2.20000 -1.08450 0 200 255
1.56446 0.00000 0.02668 0 200 255
1.54569 1.10254 1.60000 0 200 255
1.58305 1.50551 -1.60000 0 200 255
1.60000 1.98942 0.96388 0 200 255
1.52000 0.92347 -0.63977 0 200 255
1.55074 2.20000 0.81267 0 200 255
1.53706 0.00000 1.46205 0 200 255
1.53582 1.92634 1.60000 0 200 255
1.55831 1.70680 -1.60000 0 200 255
1.60000 1.13072 0.64477 0 200 255
1.52000 1.97899 -0.73248 0 200 255
1.59405 2.20000 0.62154 0 200 255
1.56292 0.00000 1.30978 0 200 255
1.57894 1.16608 1.60000 0 200 255
1.53724 1.20739 -1.60000 0 200 255
1.60000 0.21533 -1.58232 0 200 255
1.52000 0.78789 -1.45870 0 200 255
1.52600 2.20000 -1.51391 0 200 255
1.54491 0.00000 -1.15237 0 200 255
1.56804 0.29515 1.60000 0 200 255
1.58867 0.68920 -1.60000 0 200 255
1.60000 1.95840 0.48074 0 200 255
1.52000 1.21965 0.33221 0 200 255
1.59884 2.20000 0.17833 0 200 255
1.54808 0.00000 0.92118 0 200 255
1.57498 0.84714 1.60000 0 200 255
1.58294 0.82939 -1.60000 0 200 255
1.60000 1.52578 0.47006 0 200 255
1.52000 1.53946 1.37704 0 200 255
1.55967 2.20000 1.07765 0 200 255
1.55773 0.00000 0.25436 0 200 255
1.52431 0.30806 1.60000 0 200 255
1.56652 2.04717 -1.60000 0 200 255
1.60000 0.42898 -0.18770 0 200 255
1.52000 2.14733 -1.51580 0 200 255
1.54689 2.20000 -1.48356 0 200 255
1.59015 0.00000 0.35469 0 200 255
1.56126 1.40542 1.60000 0 200 255
1.53362 0.02626 -1.60000 0 200 255
1.60000 1.04263 -1.00381 0 200 255
1.52000 1.88085 -0.50973 0 200 255
1.56432 2.20000 -0.92754 0 200 255
1.56930 0.00000 -0.51432 0 200 255
1.56624 2.18769 1.60000 0 200 255
1.59334 1.91355 -1.60000 0 200 255
1.60000 1.36414 -1.16001 0 200 255
1.52000 1.72008 -0.99845 0 200 255
1.58207 2.20000 0.93359 0 200 255
1.59231 0.00000 0.10978 0 200 255
1.59887 1.19328 1.60000 0 200 255
1.53610 1.28214 -1.60000 0 200 255
1.60000 1.97232 0.90489 0 200 255
1.52000 0.14500 -0.07404 0 200 255
1.55095 2.20000 0.49670 0 200 255
1.55827 0.00000 -1.30320 0 200 255
1.59809 0.40822 1.60000 0 200 255
1.56404 1.21369 -1.60000 0 200 255
1.60000 1.68557 1.57762 0 200 255
1.52000 0.51540 0.93583 0 200 255
1.54458 2.20000 0.56638 0 200 255
1.58837 0.00000 1.41832 0 200 255
1.52661 1.36590 1.60000 0 200 255
1.58846 1.64129 -1.60000 0 200 255
1.60000 0.36631 0.40741 0 200 255
1.52000 2.02278 1.38943 0 200 255
1.52161 2.20000 -0.75839 0 200 255
1.58501 0.00000 -1.17449 0 200 255
1.58114 1.82888 1.60000 0 200 255
1.55139 2.08024 -1.60000 0 200 255
1.60000 0.34721 -0.40389 0 200 255
1.52000 1.24187 1.31081 0 200 255
1.55674 2.20000 -0.11604 0 200 255
1.54977 0.00000 0.41780 0 200 255
1.53112 0.41363 1.60000 0 200 255
1.58256 0.16451 -1.60000 0 200 255
1.60000 1.17565 -0.83654 0 200 255
1.52000 0.16956 -0.27650 0 200 255
1.55818 2.20000 0.83284 0 200 255
1.59604 0.00000 0.37861 0 200 255
1.55032 1.25992 1.60000 0 200 255
1.54853 1.22969 -1.60000 0 200 255
1.60000 0.23243 -1.01463 0 200 255
1.52000 0.52622 -1.25383 0 200 255
1.54989 2.20000 -0.00990 0 200 255
1.55628 0.00000 1.17313 0 200 255
1.52517 0.85334 1.60000 0 200 255
1.53124 1.07846 -1.60000 0 200 255
1.60000 0.89256 -0.89961 0 200 255
1.52000 0.30371 0.63258 0 200 255
1.55095 2.20000 -1.56739 0 200 255
1.55648 0.00000 -1.36580 0 200 255
1.58632 2.06207 1.60000 0 200 255
1.59478 1.56989 -1.60000 0 200 255
1.60000 2.03253 1.21771 0 200 255
1.52000 0.21875 -0.12015 0 200 255
1.52444 2.20000 0.58511 0 200 255
1.58377 0.00000 -0.95388 0 200 255
1.52247 0.49276 1.60000 0 200 255
1.53555 1.19762 -1.60000 0 200 255
1.60000 2.05925 -1.51210 0 200 255
1.52000 0.81606 -1.32911 0 200 255
1.58017 2.20000 1.27925 0 200 255
1.57866 0.00000 -0.81123 0 200 255
1.59888 2.02336 1.60000 0 200 255
1.56647 0.70768 -1.60000 0 200 255
1.60000 1.33386 -1.12205 0 200 255
1.52000 0.45941 -1.46740 0 200 255
1.55554 2.20000 1.27762 0 200 255
1.59039 0.00000 1.18729 0 200 255
1.56182 2.04438 1.60000 0 200 255
1.59499 1.53684 -1.60000 0 200 255
1.60000 1.71212 -0.40470 0 200 255
1.52000 0.88421 -0.57112 0 200 255
1.54014 2.20000 -0.46534 0 200 255
1.55322 0.00000 -1.33455 0 200 255
1.52884 0.41046 1.60000 0 200 255
1.56102 0.29421 -1.60000 0 200 255
1.60000 0.39323 -0.30878 0 200 255
1.52000 1.14412 1.41946 0 200 255
1.58429 2.20000 -0.11133 0 200 255
1.59526 0.00000 -0.34760 0 200 255
1.52645 1.79146 1.60000 0 200 255
1.56299 0.82238 -1.60000 0 200 255
1.60000 0.10038 -1.36330 0 200 255
1.52000 1.69022 -1.44616 0 200 255
1.58138 2.20000 -1.50359 0 200 255
1.52526 0.00000 -0.20155 0 200 255
1.54667 0.05420 1.60000 0 200 255
1.57795 1.56203 -1.60000 0 200 255
1.60000 0.41981 1.51006 0 200 255
1.52000 2.17566 1.46034 0 200 255
1.53419 2.20000 -0.15459 0 200 255
1.57054 0.00000 1.33277 0 200 255
1.53882 0.32358 1.60000 0 200 255
1.58765 1.67535 -1.60000 0 200 255
1.60000 1.19778 1.27838 0 200 255
1.52000 0.73422 -1.13498 0 200 255
1.58597 2.20000 -1.24109 0 200 255
1.58222 0.00000 -0.53887 0 200 255
1.59451 1.87843 1.60000 0 200 255
1.53672 0.50262 -1.60000 0 200 255
1.60000 2.06961 0.11503 0 200 255
1.52000 2.03977 -0.67647 0 200 255
1.57632 2.20000 0.27990 0 200 255
1.58484 0.00000 -0.00390 0 200 255
1.59325 1.59452 1.60000 0 200 255
1.59465 0.27367 -1.60000 0 200 255
1.60000 0.02750 -0.82921 0 200 255
1.52000 0.73674 -0.82871 0 200 255
1.54878 2.20000 -0.27593 0 200 255
1.58706 0.00000 -0.40604 0 200 255
1.57367 1.84266 1.60000 0 200 255
1.54588 0.66642 -1.60000 0 200 255
1.60000 0.65233 -1.45477 0 200 255
1.52000 0.34008 -0.83587 0 200 255
1.52841 2.20000 -0.71646 0 200 255
1.56990 0.00000 -1.29725 0 200 255
1.57118 1.96741 1.60000 0 200 255
1.53530 1.84183 -1.60000 0 200 255
1.60000 1.94862 -0.23098 0 200 255
1.52000 0.73144 -0.84299 0 200 255
1.53208 2.20000 0.10017 0 200 255
1.59170 0.00000 1.52060 0 200 255
1.56841 1.68396 1.60000 0 200 255
1.53876 1.36153 -1.60000 0 200 255
1.60000 0.16303 1.11824 0 200 255
1.52000 1.22139 -0.88290 0 200 255
1.57554 2.20000 -0.36697 0 200 255
1.59947 0.00000 -1.06681 0 200 255
1.56565 0.63926 1.60000 0 200 255
1.57441 2.14578 -1.60000 0 200 255
1.60000 0.33948 -0.68492 0 200 255
1.52000 0.57014 -0.35590 0 200 255
1.59448 2.20000 0.82794 0 200 255
1.58312 0.00000 0.20705 0 200 255
1.58006 2.14653 1.60000 0 200 255
1.59176 0.87620 -1.60000 0 200 255
1.60000 0.40791 -0.35083 0 200 255
1.52000 0.01648 0.80899 0 200 255
1.57400 2.20000 0.03780 0 200 255
1.59734 0.00000 0.91310 0 200 255
1.55390 1.02697 1.60000 0 200 255
1.53638 1.62582 -1.60000 0 200 255
1.60000 0.82738 1.14777 0 200 255
1.52000 1.50973 0.40178 0 200 255
-0.45000 0.06656 0.16700 255 72 0
-0.95000 0.39989 0.26532 255 72 0
-0.83578 0.50000 0.52888 255 72 0
-0.56906 0.00000 0.48332 255 72 0
-0.67783 0.36869 0.60000 255 72 0
-0.92811 0.24761 0.10000 255 72 0
-0.45000 0.49322 0.37681 255 72 0
-0.95000 0.24686 0.16775 255 72 0
-0.80097 0.50000 0.36786 255 72 0
-0.63064 0.00000 0.41865 255 72 0
-0.48130 0.12705 0.60000 255 72 0
-0.51424 0.13340 0.10000 255 72 0
-0.45000 0.42007 0.28055 255 72 0
-0.95000 0.07044 0.56619 255 72 0
-0.53302 0.50000 0.34407 255 72 0
-0.75953 0.00000 0.46559 255 72 0
-0.55710 0.36373 0.60000 255 72 0
-0.60984 0.39011 0.10000 255 72 0
-0.45000 0.31456 0.50179 255 72 0
-0.95000 0.12285 0.25224 255 72 0
-0.63450 0.50000 0.21701 255 72 0
-0.56080 0.00000 0.46640 255 72 0
-0.89257 0.15686 0.60000 255 72 0
-0.77818 0.01069 0.10000 255 72 0
-0.45000 0.36622 0.14465 255 72 0
-0.95000 0.18048 0.54059 255 72 0
-0.89273 0.50000 0.31837 255 72 0
-0.90426 0.00000 0.29586 255 72 0
-0.92860 0.08717 0.60000 255 72 0
-0.51264 0.38140 0.10000 255 72 0
-0.45000 0.26581 0.54613 255 72 0
-0.95000 0.46396 0.14522 255 72 0
-0.76048 0.50000 0.43271 255 72 0
-0.74509 0.00000 0.46974 255 72 0
-0.70678 0.10807 0.60000 255 72 0
-0.69253 0.00541 0.10000 255 72 0
-0.45000 0.40437 0.27203 255 72 0
-0.95000 0.01262 0.12507 255 72 0
-0.87976 0.50000 0.44045 255 72 0
-0.83266 0.00000 0.30215 255 72 0
-0.70986 0.13784 0.60000 255 72 0
-0.60594 0.05924 0.10000 255 72 0
-0.45000 0.14143 0.37099 255 72 0
-0.95000 0.20985 0.20271 255 72 0
-0.48226 0.50000 0.28580 255 72 0
-0.75795 0.00000 0.19991 255 72 0
-0.58792 0.17473 0.60000 255 72 0
-0.92634 0.21705 0.10000 255 72 0
-0.45000 0.15750 0.14882 255 72 0
-0.95000 0.42452 0.11812 255 72 0
-0.94893 0.50000 0.22108 255 72 0
-0.90482 0.00000 0.27425 255 72 0
-0.83675 0.45733 0.60000 255 72 0
-0.90506 0.22355 0.10000 255 72 0
-0.45000 0.33352 0.26564 255 72 0
-0.95000 0.29362 0.42893 255 72 0
-0.64618 0.50000 0.47795 255 72 0
-0.90742 0.00000 0.13606 255 72 0
-0.78433 0.40540 0.60000 255 72 0
-0.78501 0.41077 0.10000 255 72 0
-0.45000 0.27880 0.18260 255 72 0
-0.95000 0.05533 0.13622 255 72 0
-0.82922 0.50000 0.37263 255 72 0
-0.46212 0.00000 0.18321 255 72 0
-0.84735 0.45047 0.60000 255 72 0
-0.58387 0.45988 0.10000 255 72 0
-0.45000 0.34838 0.55690 255 72 0
-0.95000 0.38593 0.17953 255 72 0
-0.80034 0.50000 0.55784 255 72 0
-0.74447 0.00000 0.50375 255 72 0
-0.47560 0.20247 0.60000 255 72 0
-0.62640 0.10064 0.10000 255 72 0
-0.45000 0.47756 0.58090 255 72 0
-0.95000 0.36847 0.49141 255 72 0
-0.85932 0.50000 0.38462 255 72 0
-0.47511 0.00000 0.51312 255 72 0
-0.75463 0.36563 0.60000 255 72 0
-0.85485 0.15806 0.10000 255 72 0
-0.45000 0.06542 0.38298 255 72 0
-0.95000 0.35017 0.28453 255 72 0
-0.78373 0.50000 0.52348 255 72 0
-0.88661 0.00000 0.26999 255 72 0
-0.72909 0.34165 0.60000 255 72 0
-0.54104 0.32232 0.10000 255 72 0
-0.45000 0.15985 0.59351 255 72 0
-0.95000 0.42878 0.40208 255 72 0
-0.57317 0.50000 0.15392 255 72 0
-0.60063 0.00000 0.53521 255 72 0
-0.93537 0.24001 0.60000 255 72 0
-0.57686 0.36774 0.10000 255 72 0
-0.45000 0.36878 0.39699 255 72 0
-0.95000 0.38873 0.18690 255 72 0
-0.53959 0.50000 0.26012 255 72 0
-0.66491 0.00000 0.47147 255 72 0
-0.61008 0.36011 0.60000 255 72 0
-0.84527 0.43174 0.10000 255 72 0
-0.45000 0.48808 0.16938 255 72 0
-0.95000 0.28706 0.56600 255 72 0
-0.78617 0.50000 0.28496 255 72 0
-0.87088 0.00000 0.21066 255 72 0
-0.60271 0.31967 0.60000 255 72 0
-0.93151 0.23126 0.10000 255 72 0
-0.45000 0.13038 0.53595 255 72 0
-0.95000 0.38502 0.39481 255 72 0
-0.92145 0.50000 0.53960 255 72 0
-0.66528 0.00000 0.25917 255 72 0
-0.74136 0.15435 0.60000 255 72 0
-0.61173 0.02228 0.10000 255 72 0
-0.45000 0.40351 0.43966 255 72 0
-0.95000 0.05847 0.22824 255 72 0
-0.61764 0.50000 0.46123 255 72 0
-0.62784 0.00000 0.31507 255 72 0
-0.47141 0.41737 0.60000 255 72 0
-0.46920 0.30190 0.10000 255 72 0
-0.45000 0.20359 0.53108 255 72 0
-0.95000 0.34468 0.12243 255 72 0
-0.81050 0.50000 0.29536 255 72 0
-0.47489 0.00000 0.52403 255 72 0
-0.85006 0.06250 0.60000 255 72 0
-0.93885 0.16727 0.10000 255 72 0
-0.45000 0.49513 0.41132 255 72 0
-0.95000 0.38898 0.45427 255 72 0
-0.92120 0.50000 0.36512 255 72 0
-0.66479 0.00000 0.41624 255 72 0
-0.64714 0.09522 0.60000 255 72 0
-0.65691 0.40659 0.10000 255 72 0
-0.45000 0.46390 0.29629 255 72 0
-0.95000 0.37133 0.44748 255 72 0
-0.94341 0.50000 0.53942 255 72 0
-0.78003 0.00000 0.52504 255 72 0
-0.47399 0.47783 0.60000 255 72 0
-0.74807 0.09334 0.10000 255 72 0
-0.45000 0.45298 0.51786 255 72 0
-0.95000 0.14229 0.10177 255 72 0
-0.69922 0.50000 0.50345 255 72 0
-0.85356 0.00000 0.44382 255 72 0
-0.45547 0.23928 0.60000 255 72 0
-0.81100 0.21049 0.10000 255 72 0
-0.45000 0.40839 0.21011 255 72 0
-0.95000 0.40147 0.27673 255 72 0
-0.90270 0.50000 0.47286 255 72 0
-0.67067 0.00000 0.32353 255 72 0
-0.50265 0.15472 0.60000 255 72 0
-0.51965 0.44038 0.10000 255 72 0
-0.45000 0.17967 0.55017 255 72 0
-0.95000 0.14943 0.55018 255 72 0
-0.71376 0.50000 0.19525 255 72 0
-0.94930 0.00000 0.25543 255 72 0
-0.47005 0.16733 0.60000 255 72 0
-0.45356 0.31884 0.10000 255 72 0
-0.45000 0.09939 0.18746 255 72 0
-0.95000 0.47237 0.38485 255 72 0
-0.52543 0.50000 0.24077 255 72 0
-0.50863 0.00000 0.13353 255 72 0
-0.80277 0.44726 0.60000 255 72 0
-0.79726 0.41267 0.10000 255 72 0
-0.45000 0.01483 0.10163 255 72 0
-0.95000 0.25281 0.27673 255 72 0
-0.68869 0.50000 0.18270 255 72 0
-0.74779 0.00000 0.23790 255 72 0
-0.67293 0.40934 0.60000 255 72 0
-0.56763 0.31655 0.10000 255 72 0
-0.45000 0.25786 0.12719 255 72 0
-0.95000 0.22500 0.47910 255 72 0
-0.78497 0.50000 0.23629 255 72 0
-0.91446 0.00000 0.25736 255 72 0
-0.88651 0.46312 0.60000 255 72 0
-0.86626 0.34145 0.10000 255 72 0
-0.45000 0.08177 0.56174 255 72 0
-0.95000 0.39845 0.47597 255 72 0
-0.48859 0.50000 0.23620 255 72 0
-0.84603 0.00000 0.35543 255 72 0
-0.59336 0.10733 0.60000 255 72 0
-0.59257 0.05334 0.10000 255 72 0
-0.45000 0.13133 0.20629 255 72 0
-0.95000 0.18605 0.52546 255 72 0
-0.79603 0.50000 0.42967 255 72 0
-0.65769 0.00000 0.56113 255 72 0
-0.51453 0.13588 0.60000 255 72 0
-0.48990 0.30262 0.10000 255 72 0
-0.45000 0.23095 0.12935 255 72 0
-0.95000 0.40762 0.10219 255 72 0
-0.51889 0.50000 0.26914 255 72 0
-0.65266 0.00000 0.57739 255 72 0
-0.94210 0.01683 0.60000 255 72 0
-0.90621 0.07831 0.10000 255 72 0
-0.45000 0.25575 0.12999 255 72 0
-0.95000 0.04798 0.37549 255 72 0
-0.65390 0.50000 0.46763 255 72 0
-0.87313 0.00000 0.16754 255 72 0
-0.77492 0.49628 0.60000 255 72 0
-0.84725 0.13756 0.10000 255 72 0
-0.45000 0.29922 0.12622 255 72 0
-0.95000 0.28183 0.14594 255 72 0
-0.71675 0.50000 0.47500 255 72 0
-0.52811 0.00000 0.38867 255 72 0
-0.73156 0.49220 0.60000 255 72 0
-0.79502 0.30160 0.10000 255 72 0
-0.45000 0.30707 0.48181 255 72 0
-0.95000 0.00476 0.56094 255 72 0
-0.63369 0.50000 0.12033 255 72 0
-0.71644 0.00000 0.54824 255 72 0
-0.82243 0.10755 0.60000 255 72 0
-0.53112 0.11025 0.10000 255 72 0
-0.45000 0.29699 0.14638 255 72 0
-0.95000 0.29398 0.18672 255 72 0
-0.59089 0.50000 0.55961 255 72 0
-0.55408 0.00000 0.33129 255 72 0
-0.76463 0.00018 0.60000 255 72 0
-0.71796 0.27350 0.10000 255 72 0
-0.45000 0.16518 0.14254 255 72 0
-0.95000 0.15114 0.28100 255 72 0
-0.46757 0.50000 0.44823 255 72 0
-0.56484 0.00000 0.38508 255 72 0
-0.82717 0.42499 0.60000 255 72 0
-0.76689 0.47622 0.10000 255 72 0
-0.45000 0.32132 0.19143 255 72 0
-0.95000 0.42054 0.11607 255 72 0
-0.86630 0.50000 0.52284 255 72 0
-0.61587 0.00000 0.51038 255 72 0
-0.75223 0.27637 0.60000 255 72 0
-0.49672 0.04040 0.10000 255 72 0
-0.45000 0.09038 0.50262 255 72 0
-0.95000 0.27677 0.19306 255 72 0
-0.45179 0.50000 0.59363 255 72 0
-0.94696 0.00000 0.45728 255 72 0
-0.67209 0.32975 0.60000 255 72 0
-0.61612 0.39074 0.10000 255 72 0
-0.45000 0.46352 0.42119 255 72 0
-0.95000 0.06099 0.14039 255 72 0
-0.75093 0.50000 0.49201 255 72 0
-0.65767 0.00000 0.10631 255 72 0
-0.73924 0.01216 0.60000 255 72 0
-0.50000 0.07002 0.10000 255 72 0
-0.45000 0.20805 0.10630 255 72 0
-0.95000 0.49534 0.26932 255 72 0
-0.46497 0.50000 0.52282 255 72 0
-0.89060 0.00000 0.16824 255 72 0
-0.89927 0.48773 0.60000 255 72 0
-0.94116 0.09700 0.10000 255 72 0
-0.45000 0.27404 0.55514 255 72 0
-0.95000 0.07892 0.19045 255 72 0
-0.82239 0.50000 0.18001 255 72 0
-0.93964 0.00000 0.41409 255 72 0
-0.90458 0.19211 0.60000 255 72 0
-0.53126 0.41530 0.10000 255 72 0
-0.45000 0.05419 0.42781 255 72 0
-0.95000 0.02987 0.16151 255 72 0
-0.54397 0.50000 0.22515 255 72 0
-0.48079 0.00000 0.47707 255 72 0
-0.50324 0.01032 0.60000 255 72 0
-0.53427 0.21393 0.10000 255 72 0
-0.45000 0.36988 0.57086 255 72 0
-0.95000 0.35165 0.30030 255 72 0
-0.88793 0.50000 0.30386 255 72 0
-0.71230 0.00000 0.44784 255 72 0
-0.69867 0.00766 0.60000 255 72 0
-0.55417 0.49701 0.10000 255 72 0
-0.45000 0.19378 0.58514 255 72 0
-0.95000 0.07456 0.56738 255 72 0
-0.79279 0.50000 0.43780 255 72 0
-0.51344 0.00000 0.29532 255 72 0
-0.50836 0.28923 0.60000 255 72 0
-0.70583 0.04980 0.10000 255 72 0
-0.45000 0.04572 0.59379 255 72 0
-0.95000 0.14864 0.23804 255 72 0
-0.46473 0.50000 0.15608 255 72 0
-0.52340 0.00000 0.49714 255 72 0
-0.81703 0.47585 0.60000 255 72 0
-0.75435 0.02610 0.10000 255 72 0
-0.45000 0.17287 0.42552 255 72 0
-0.95000 0.31987 0.40837 255 72 0
-0.70707 0.50000 0.46743 255 72 0
-0.79114 0.00000 0.51191 255 72 0
-0.69350 0.09328 0.60000 255 72 0
-0.90656 0.45312 0.10000 255 72 0
-0.45000 0.11776 0.27526 255 72 0
-0.95000 0.03788 0.46663 255 72 0
-0.79501 0.50000 0.27216 255 72 0
-0.84820 0.00000 0.17338 255 72 0
-0.67087 0.48587 0.60000 255 72 0
-0.81289 0.39108 0.10000 255 72 0
-0.45000 0.29080 0.20804 255 72 0
-0.95000 0.20268 0.44083 255 72 0
-0.77622 0.50000 0.57306 255 72 0
-0.46551 0.00000 0.57613 255 72 0
-0.91899 0.11701 0.60000 255 72 0
-0.67343 0.49499 0.10000 255 72 0
-0.45000 0.05259 0.48087 255 72 0
-0.95000 0.15479 0.21449 255 72 0
-0.60310 0.50000 0.15542 255 72 0
-0.73856 0.00000 0.37571 255 72 0
-0.79806 0.47783 0.60000 255 72 0
-0.82023 0.42912 0.10000 255 72 0
-0.45000 0.46767 0.11207 255 72 0
-0.95000 0.13376 0.19950 255 72 0
-0.69911 0.50000 0.10629 255 72 0
-0.80797 0.00000 0.50789 255 72 0
-0.93871 0.30492 0.60000 255 72 0
-0.66126 0.05373 0.10000 255 72 0
-0.45000 0.45728 0.17784 255 72 0
-0.95000 0.36807 0.38120 255 72 0
-0.65134 0.50000 0.28549 255 72 0
-0.65667 0.00000 0.38693 255 72 0
-0.71099 0.41431 0.60000 255 72 0
-0.66397 0.23621 0.10000 255 72 0
-0.45000 0.46411 0.11902 255 72 0
-0.95000 0.34371 0.16434 255 72 0
-0.62807 0.50000 0.19134 255 72 0
-0.84451 0.00000 0.25094 255 72 0
-0.72446 0.27698 0.60000 255 72 0
-0.48982 0.00099 0.10000 255 72 0
-0.45000 0.06528 0.22441 255 72 0
-0.95000 0.15872 0.42551 255 72 0
-0.81232 0.50000 0.33550 255 72 0
-0.84174 0.00000 0.42797 255 72 0
-0.73696 0.46103 0.60000 255 72 0
-0.84013 0.31396 0.10000 255 72 0
-0.45000 0.34350 0.37034 255 72 0
-0.95000 0.30345 0.35675 255 72 0
-0.94145 0.50000 0.39912 255 72 0
-0.51829 0.00000 0.52276 255 72 0
-0.80370 0.07722 0.60000 255 72 0
-0.93938 0.19479 0.10000 255 72 0
-0.45000 0.38299 0.49022 255 72 0
-0.95000 0.11780 0.21189 255 72 0
-0.71920 0.50000 0.25735 255 72 0
-0.85236 0.00000 0.56264 255 72 0
-0.46691 0.11764 0.60000 255 72 0
-0.59620 0.19534 0.10000 255 72 0
-0.45000 0.00835 0.37037 255 72 0
-0.95000 0.02289 0.17009 255 72 0
-0.54278 0.50000 0.55140 255 72 0
-0.88598 0.00000 0.23793 255 72 0
-0.90213 0.15925 0.60000 255 72 0
-0.90123 0.01117 0.10000 255 72 0
-0.45000 0.15435 0.13644 255 72 0
-0.95000 0.05576 0.35956 255 72 0
-0.59519 0.50000 0.45120 255 72 0
-0.59488 0.00000 0.42073 255 72 0
-0.89829 0.12862 0.60000 255 72 0
-0.51950 0.10852 0.10000 255 72 0
-0.45000 0.04891 0.37300 255 72 0
-0.95000 0.36515 0.11846 255 72 0
-0.78884 0.50000 0.57563 255 72 0
-0.64604 0.00000 0.50804 255 72 0
-0.64830 0.44896 0.60000 255 72 0
-0.60989 0.31860 0.10000 255 72 0
-0.45000 0.13985 0.16222 255 72 0
-0.95000 0.17304 0.40200 255 72 0
-0.88616 0.50000 0.57566 255 72 0
-0.49046 0.00000 0.31811 255 72 0
-0.77881 0.05495 0.60000 255 72 0
-0.70985 0.09937 0.10000 255 72 0
-0.45000 0.25417 0.40427 255 72 0
-0.95000 0.14178 0.30108 255 72 0
-0.49961 0.50000 0.31066 255 72 0
-0.84920 0.00000 0.48331 255 72 0
-0.72130 0.31949 0.60000 255 72 0
-0.76901 0.43277 0.10000 255 72 0
-0.45000 0.22345 0.21261 255 72 0
-0.95000 0.18274 0.10288 255 72 0
-0.46632 0.50000 0.44506 255 72 0
-0.78714 0.00000 0.18568 255 72 0
-0.74617 0.28332 0.60000 255 72 0
-0.94383 0.46335 0.10000 255 72 0
-0.45000 0.46258 0.44139 255 72 0
-0.95000 0.08227 0.10650 255 72 0
-0.47496 0.50000 0.36484 255 72 0
-0.55053 0.00000 0.20981 255 72 0
-0.79876 0.33086 0.60000 255 72 0
-0.64415 0.38769 0.10000 255 72 0
-0.45000 0.45887 0.16732 255 72 0
-0.95000 0.45892 0.35291 255 72 0
-0.59380 0.50000 0.25469 255 72 0
-0.46474 0.00000 0.24419 255 72 0
-0.92591 0.38794 0.60000 255 72 0
-0.70158 0.17477 0.10000 255 72 0
-0.45000 0.15358 0.28619 255 72 0
-0.95000 0.19226 0.56491 255 72 0
-0.57764 0.50000 0.19614 255 72 0
-0.73445 0.00000 0.35112 255 72 0
-0.86982 0.33340 0.60000 255 72 0
-0.60564 0.22810 0.10000 255 72 0
-0.45000 0.39659 0.32086 255 72 0
-0.95000 0.12789 0.16725 255 72 0
-0.46172 0.50000 0.28319 255 72 0
-0.77521 0.00000 0.20392 255 72 0
-0.84802 0.25376 0.60000 255 72 0
-0.48755 0.01231 0.10000 255 72 0
-0.45000 0.45176 0.59754 255 72 0
-0.95000 0.44083 0.30766 255 72 0
-0.65125 0.50000 0.21459 255 72 0
-0.67947 0.00000 0.15813 255 72 0
-0.70428 0.41084 0.60000 255 72 0
-0.52820 0.39907 0.10000 255 72 0
-0.45000 0.07854 0.33872 255 72 0
-0.95000 0.21697 0.10790 255 72 0
-0.79843 0.50000 0.57066 255 72 0
-0.69193 0.00000 0.39980 255 72 0
-0.45476 0.26135 0.60000 255 72 0
-0.72193 0.40470 0.10000 255 72 0
-0.45000 0.25646 0.45636 255 72 0
-0.95000 0.14805 0.10719 255 72 0
-0.89382 0.50000 0.54803 255 72 0
-0.79557 0.00000 0.33342 255 72 0
-0.50251 0.32114 0.60000 255 72 0
-0.61727 0.44798 0.10000 255 72 0
-0.45000 0.45871 0.58106 255 72 0
-0.95000 0.15847 0.24406 255 72 0
-0.77585 0.50000 0.41120 255 72 0
-0.64899 0.00000 0.18959 255 72 0
-0.46698 0.18941 0.60000 255 72 0
-0.73324 0.13963 0.10000 255 72 0
-0.45000 0.31558 0.54149 255 72 0
-0.95000 0.34008 0.29783 255 72 0
-0.91394 0.50000 0.39657 255 72 0
-0.74917 0.00000 0.20689 255 72 0
-0.92914 0.19122 0.60000 255 72 0
-0.54865 0.49584 0.10000 255 72 0
-0.45000 0.25920 0.22639 255 72 0
-0.95000 0.26616 0.41877 255 72 0
-0.91012 0.50000 0.38780 255 72 0
-0.54718 0.00000 0.40223 255 72 0
-0.52550 0.39262 0.60000 255 72 0
-0.94484 0.25715 0.10000 255 72 0
-0.45000 0.11052 0.14133 255 72 0
-0.95000 0.26365 0.35255 255 72 0
-0.49602 0.50000 0.58668 255 72 0
-0.73988 0.00000 0.32175 255 72 0
-0.48306 0.05625 0.60000 255 72 0
-0.80353 0.23850 0.10000 255 72 0
-0.45000 0.31784 0.16362 255 72 0
-0.95000 0.45542 0.58904 255 72 0
-0.69882 0.50000 0.18068 255 72 0
-0.77187 0.00000 0.35361 255 72 0
-0.64956 0.09447 0.60000 255 72 0
-0.59461 0.32189 0.10000 255 72 0
-0.45000 0.40317 0.46216 255 72 0
-0.95000 0.05877 0.37506 255 72 0
-0.88087 0.50000 0.19504 255 72 0
-0.63578 0.00000 0.15448 255 72 0
-0.93255 0.06784 0.60000 255 72 0
-0.83368 0.09342 0.10000 255 72 0
-0.45000 0.48386 0.52383 255 72 0
-0.95000 0.01342 0.24127 255 72 0
-0.84127 0.50000 0.39305 255 72 0
-0.79111 0.00000 0.42691 255 72 0
-0.83260 0.16216 0.60000 255 72 0
-0.91971 0.00295 0.10000 255 72 0
-0.45000 0.10267 0.15843 255 72 0
-0.95000 0.16637 0.31279 255 72 0
-0.93990 0.50000 0.57810 255 72 0
-0.84909 0.00000 0.14098 255 72 0
-0.92718 0.47760 0.60000 255 72 0
-0.47600 0.47305 0.10000 255 72 0
-0.45000 0.18246 0.57599 255 72 0
-0.95000 0.31528 0.10894 255 72 0
-0.50719 0.50000 0.27225 255 72 0
-0.65692 0.00000 0.21891 255 72 0
-0.86435 0.49846 0.60000 255 72 0
-0.76607 0.34762 0.10000 255 72 0
-0.45000 0.11872 0.12436 255 72 0
-0.95000 0.31476 0.50445 255 72 0
-0.61069 0.50000 0.12090 255 72 0
-0.90980 0.00000 0.23205 255 72 0
-0.68699 0.08687 0.60000 255 72 0
-0.45416 0.25006 0.10000 255 72 0
-0.45000 0.38924 0.33066 255 72 0
-0.95000 0.36434 0.20989 255 72 0
-0.93659 0.50000 0.53273 255 72 0
-0.54981 0.00000 0.16944 255 72 0
-0.64090 0.46698 0.60000 255 72 0
-0.74564 0.03346 0.10000 255 72 0
-0.45000 0.36241 0.33981 255 72 0
-0.95000 0.36300 0.37884 255 72 0
-0.61306 0.50000 0.27200 255 72 0
-0.68851 0.00000 0.22854 255 72 0
-0.52605 0.42200 0.60000 255 72 0
-0.63979 0.04310 0.10000 255 72 0
-0.45000 0.03750 0.55184 255 72 0
-0.95000 0.32267 0.55959 255 72 0
-0.68604 0.50000 0.45472 255 72 0
-0.71351 0.00000 0.40488 255 72 0
-0.77763 0.31173 0.60000 255 72 0
-0.56336 0.09036 0.10000 255 72 0
-0.45000 0.46583 0.22321 255 72 0
-0.95000 0.35135 0.11039 255 72 0
-0.91118 0.50000 0.43978 255 72 0
-0.92010 0.00000 0.49624 255 72 0
-0.66722 0.37902 0.60000 255 72 0
-0.79609 0.04702 0.10000 255 72 0
-0.45000 0.38534 0.56753 255 72 0
-0.95000 0.21181 0.10397 255 72 0
-0.56485 0.50000 0.19895 255 72 0
-0.58050 0.00000 0.35074 255 72 0
-0.76870 0.03157 0.60000 255 72 0
-0.67899 0.30202 0.10000 255 72 0
-0.45000 0.19616 0.31907 255 72 0
-0.95000 0.32617 0.38770 255 72 0
1.02017 0.24108 0.31238 6 49 255
0.59096 0.42424 0.07028 6 49 255
0.88332 0.16797 0.46926 6 49 255
0.87232 0.02939 0.27512 6 49 255
0.50807 0.26558 0.39021 6 49 255
0.60036 0.17620 0.03732 6 49 255
0.74119 0.04727 0.40544 6 49 255
0.73410 0.53503 0.13552 6 49 255
0.70907 0.01646 0.16474 6 49 255
0.60545 0.49347 0.14074 6 49 255
0.73913 0.00639 0.30848 6 49 255
1.01529 0.22543 0.17898 6 49 255
0.74477 0.55097 0.17967 6 49 255
0.83426 0.54458 0.21397 6 49 255
0.53712 0.10235 0.28902 6 49 255
1.00752 0.18345 0.19747 6 49 255
0.69540 0.00578 0.26481 6 49 255
0.80477 0.27831 0.52459 6 49 255
0.98865 0.31364 0.10748 6 49 255
0.70383 0.23685 0.52278 6 49 255
0.70523 0.53331 0.13941 6 49 255
0.64279 0.53495 0.29365 6 49 255
0.80354 0.54374 0.17271 6 49 255
0.66371 0.02490 0.17332 6 49 255
0.85824 0.44098 0.04809 6 49 255
0.78075 0.36094 0.51628 6 49 255
0.64446 0.47434 0.07827 6 49 255
0.71615 0.36113 -0.01584 6 49 255
0.83646 0.02193 0.18423 6 49 255
0.82347 0.20681 0.51009 6 49 255
0.65609 0.22950 -0.00890 6 49 255
0.68497 0.26207 -0.02175 6 49 255
0.83366 0.39669 0.49039 6 49 255
0.77769 0.47295 0.04899 6 49 255
0.69629 0.51248 0.39652 6 49 255
0.72068 0.51185 0.09577 6 49 255
0.80133 0.00920 0.29930 6 49 255
0.89517 0.30464 0.48815 6 49 255
0.47990 0.25086 0.31781 6 49 255
0.66490 0.48701 0.08176 6 49 255
0.50659 0.38729 0.16260 6 49 255
0.55920 0.38666 0.42498 6 49 255
0.96617 0.21815 0.08312 6 49 255
0.96576 0.36444 0.40722 6 49 255
0.49329 0.38914 0.27420 6 49 255
0.68899 0.04243 0.11495 6 49 255
0.53115 0.36706 0.09859 6 49 255
0.56141 0.43764 0.38410 6 49 255
0.71590 0.28213 -0.02791 6 49 255
0.67745 0.20179 0.50888 6 49 255
0.66997 0.30653 0.51700 6 49 255
0.83469 0.22734 0.51164 6 49 255
0.56724 0.34779 0.45101 6 49 255
1.02366 0.22102 0.24453 6 49 255
0.73267 0.19128 0.51501 6 49 255
0.96151 0.24518 0.06985 6 49 255
0.72496 0.16765 -0.00524 6 49 255
0.48047 0.35217 0.27337 6 49 255
0.47694 0.21846 0.25734 6 49 255
0.58105 0.49301 0.31697 6 49 255
0.47920 0.30358 0.31718 6 49 255
0.53542 0.42561 0.35561 6 49 255
0.85559 0.42663 0.03611 6 49 255
0.83925 0.10231 0.05287 6 49 255
0.70872 0.34685 0.51875 6 49 255
0.76726 0.00450 0.29695 6 49 255
0.95045 0.08904 0.20814 6 49 255
0.93826 0.39579 0.07810 6 49 255
0.91082 0.05163 0.23033 6 49 255
0.57173 0.06686 0.21550 6 49 255
0.65833 0.30519 -0.01337 6 49 255
0.75249 0.00039 0.26453 6 49 255
0.49622 0.17349 0.30149 6 49 255
0.78308 0.00474 0.21078 6 49 255
0.54019 0.38300 0.40417 6 49 255
0.63051 0.22607 0.00258 6 49 255
0.95842 0.12508 0.14530 6 49 255
0.75693 0.35429 0.51988 6 49 255
0.60457 0.07477 0.37301 6 49 255
0.56940 0.47604 0.16425 6 49 255
0.48225 0.30029 0.17065 6 49 255
0.69619 0.45376 0.46286 6 49 255
0.55689 0.08660 0.18914 6 49 255
0.61112 0.03772 0.27033 6 49 255
0.52195 0.21820 0.40025 6 49 255
0.76054 0.05196 0.08787 6 49 255
0.48542 0.20402 0.19876 6 49 255
0.87513 0.28520 -0.00043 6 49 255
0.55571 0.11990 0.12745 6 49 255
0.53691 0.15568 0.38244 6 49 255
0.91929 0.18828 0.04670 6 49 255
0.82217 0.54799 0.21299 6 49 255
0.86054 0.16660 0.48091 6 49 255
0.63000 0.02757 0.23330 6 49 255
0.95156 0.08564 0.25081 6 49 255
0.61546 0.49608 0.36666 6 49 255
0.88542 0.18050 0.02603 6 49 255
0.51372 0.22731 0.10931 6 49 255
0.99912 0.23800 0.12927 6 49 255
0.95981 0.44952 0.32513 6 49 255
0.47925 0.26656 0.32008 6 49 255
0.54032 0.45568 0.30977 6 49 255
0.59595 0.05870 0.32546 6 49 255
0.92646 0.10909 0.11564 6 49 255
0.73944 0.05455 0.41572 6 49 255
0.85783 0.02537 0.20601 6 49 255
0.66139 0.51013 0.38262 6 49 255
0.95760 0.12172 0.35125 6 49 255
0.56388 0.48774 0.22546 6 49 255
0.60891 0.30494 0.49057 6 49 255
0.68650 0.51209 0.10682 6 49 255
0.52318 0.39088 0.37106 6 49 255
0.87046 0.41652 0.03727 6 49 255
0.77112 0.37209 0.51358 6 49 255
0.70851 0.12681 0.48068 6 49 255
0.59821 0.04664 0.28004 6 49 255
0.79246 0.55650 0.23805 6 49 255
0.96053 0.10291 0.19789 6 49 255
0.87502 0.03442 0.29960 6 49 255
0.94674 0.08272 0.27781 6 49 255
0.63187 0.53354 0.26274 6 49 255
1.01992 0.26913 0.32366 6 49 255
0.69463 0.04406 0.39024 6 49 255
0.55387 0.08654 0.19995 6 49 255
0.80259 0.04602 0.10548 6 49 255
0.89420 0.27584 0.01002 6 49 255
0.75954 0.16307 0.50424 6 49 255
0.59058 0.48479 0.14491 6 49 255
0.68993 0.14613 0.01153 6 49 255
0.69720 0.02474 0.14776 6 49 255
0.76272 0.00259 0.21421 6 49 255
0.48279 0.27808 0.33364 6 49 255
0.66854 0.47166 0.06284 6 49 255
0.67492 0.03366 0.14009 6 49 255
0.69025 0.47601 0.44082 6 49 255
0.63934 0.13860 0.46485 6 49 255
0.91813 0.40883 0.43313 6 49 255
0.89248 0.43981 0.06956 6 49 255
0.52081 0.12815 0.19697 6 49 255
0.66183 0.15164 0.01730 6 49 255
0.76813 0.25293 -0.02810 6 49 255
0.70766 0.47728 0.05587 6 49 255
0.60782 0.20858 0.48040 6 49 255
0.63540 0.07335 0.40021 6 49 255
0.59914 0.41461 0.44370 6 49 255
0.72560 0.23817 -0.02578 6 49 255
1.02277 0.33445 0.21790 6 49 255
0.87493 0.03815 0.18442 6 49 255
0.49317 0.33099 0.34918 6 49 255
0.85533 0.25297 0.50802 6 49 255
0.63814 0.07624 0.09389 6 49 255
0.60671 0.10000 0.40958 6 49 255
1.00137 0.19325 0.16231 6 49 255
0.91414 0.33743 0.03055 6 49 255
0.56262 0.31786 0.04541 6 49 255
0.68002 0.26648 -0.02078 6 49 255
0.65170 0.52251 0.15037 6 49 255
0.62887 0.07667 0.39962 6 49 255
0.84376 0.02167 0.30360 6 49 255
0.96576 0.29155 0.07191 6 49 255
0.78893 0.45534 0.46480 6 49 255
0.79477 0.55577 0.23131 6 49 255
0.72924 0.44276 0.02311 6 49 255
0.61518 0.45444 0.42262 6 49 255
0.80958 0.06556 0.08010 6 49 255
1.02409 0.33712 0.24661 6 49 255
0.87582 0.03105 0.27443 6 49 255
0.91956 0.07807 0.34420 6 49 255
0.59632 0.50251 0.32261 6 49 255
0.63461 0.53285 0.28399 6 49 255
0.49544 0.26952 0.36613 6 49 255
0.58999 0.13900 0.43142 6 49 255
0.95972 0.39624 0.39459 6 49 255
0.83483 0.03978 0.36619 6 49 255
0.71733 0.55808 0.24835 6 49 255
0.88513 0.27106 0.00493 6 49 255
0.51590 0.41866 0.31611 6 49 255
0.83970 0.54509 0.25893 6 49 255
0.93296 0.49192 0.25372 6 49 255
0.64144 0.51811 0.34960 6 49 255
0.81066 0.02538 0.15055 6 49 255
0.97672 0.19819 0.39249 6 49 255
0.61805 0.33504 0.49075 6 49 255
0.94585 0.41131 0.09900 6 49 255
0.49937 0.20437 0.34932 6 49 255
0.78942 0.30276 0.52628 6 49 255
0.66325 0.30146 -0.01536 6 49 255
0.57868 0.10340 0.11634 6 49 255
0.60597 0.50631 0.16975 6 49 255
0.74028 0.47950 0.44623 6 49 255
0.52778 0.11195 0.22209 6 49 255
0.92543 0.49821 0.25268 6 49 255
0.70276 0.00482 0.22891 6 49 255
0.66366 0.23140 -0.01188 6 49 255
0.91842 0.48527 0.16113 6 49 255
0.92977 0.42317 0.40996 6 49 255
0.98873 0.13556 0.22668 6 49 255
0.92059 0.07222 0.17171 6 49 255
0.61615 0.23066 0.00906 6 49 255
1.00577 0.25896 0.36197 6 49 255
0.99753 0.19918 0.35295 6 49 255
0.70151 0.50911 0.40348 6 49 255
0.75086 0.43061 0.48604 6 49 255
0.69174 0.54659 0.31274 6 49 255
0.72622 0.05010 0.09194 6 49 255
0.79224 0.52244 0.38356 6 49 255
0.98066 0.14724 0.16300 6 49 255
0.63090 0.52777 0.30314 6 49 255
0.60858 0.38953 0.03458 6 49 255
0.88312 0.20826 0.48565 6 49 255
0.88504 0.52131 0.29398 6 49 255
0.72519 0.49268 0.43042 6 49 255
0.70983 0.21312 -0.01891 6 49 255
0.69098 0.19524 -0.01025 6 49 255
0.49868 0.16367 0.29128 6 49 255
0.96681 0.10463 0.27531 6 49 255
0.99977 0.40211 0.21679 6 49 255
0.56246 0.48707 0.26870 6 49 255
0.67748 0.10343 0.04515 6 49 255
0.61127 0.30902 0.49148 6 49 255
1.02498 0.30199 0.29800 6 49 255
0.72786 0.41631 0.00643 6 49 255
0.65107 0.27185 -0.01181 6 49 255
0.86687 0.52355 0.32367 6 49 255
0.75517 0.00603 0.30755 6 49 255
0.88310 0.52583 0.23417 6 49 255
0.86723 0.53061 0.29303 6 49 255
0.51739 0.43367 0.27608 6 49 255
0.54684 0.39980 0.40091 6 49 255
0.72928 0.17941 -0.01048 6 49 255
0.86106 0.53563 0.22321 6 49 255
0.59589 0.35437 0.02837 6 49 255
0.68397 0.44365 0.03261 6 49 255
0.99979 0.34327 0.35956 6 49 255
0.50002 0.40427 0.27162 6 49 255
0.50797 0.22189 0.37825 6 49 255
0.66046 0.50096 0.39683 6 49 255
0.88925 0.46635 0.09417 6 49 255
0.87728 0.22335 0.00712 6 49 255
0.68168 0.02439 0.34162 6 49 255
0.67157 0.22518 -0.01314 6 49 255
0.86359 0.18830 0.48893 6 49 255
0.49903 0.39314 0.19887 6 49 255
0.90634 0.25475 0.48091 6 49 255
0.54697 0.42412 0.37810 6 49 255
0.99091 0.41072 0.19279 6 49 255
0.51006 0.16712 0.33992 6 49 255
0.78481 0.55777 0.25571 6 49 255
0.82297 0.11188 0.46168 6 49 255
0.82873 0.49056 0.08308 6 49 255
0.93310 0.48994 0.27829 6 49 255
0.77512 0.25813 0.52801 6 49 255
0.60269 0.04823 0.19536 6 49 255
0.63944 0.33161 0.50202 6 49 255
0.99097 0.21385 0.12367 6 49 255
0.76927 0.36791 0.51514 6 49 255
0.68172 0.14826 0.48745 6 49 255
0.83610 0.13047 0.02949 6 49 255
0.48557 0.18808 0.25523 6 49 255
0.87986 0.35149 0.01246 6 49 255
0.63048 0.06326 0.11909 6 49 255
0.90962 0.19895 0.03470 6 49 255
0.87701 0.12317 0.05590 6 49 255
0.87423 0.04298 0.16761 6 49 255
0.73857 0.30427 -0.02871 6 49 255
0.65489 0.54085 0.21377 6 49 255
0.56331 0.35205 0.44585 6 49 255
0.53471 0.10101 0.25308 6 49 255
0.57633 0.22680 0.03691 6 49 255
0.75860 0.53869 0.35680 6 49 255
0.81614 0.21467 0.51412 6 49 255
0.72697 0.54898 0.32429 6 49 255
0.89203 0.09977 0.08955 6 49 255
1.01854 0.22581 0.30790 6 49 255
0.65257 0.53646 0.30601 6 49 255
1.01352 0.18781 0.27144 6 49 255
0.73015 0.41030 0.00296 6 49 255
0.53733 0.35367 0.41657 6 49 255
0.60503 0.43721 0.06925 6 49 255
0.83141 0.04988 0.38718 6 49 255
0.97842 0.34733 0.10272 6 49 255
0.77595 0.08252 0.05321 6 49 255
0.49091 0.25186 0.14764 6 49 255
0.48699 0.37378 0.27080 6 49 255
0.81699 0.27401 0.52180 6 49 255
0.77322 0.55484 0.20182 6 49 255
0.53758 0.39016 0.10459 6 49 255
0.51163 0.36186 0.37198 6 49 255
0.96819 0.11385 0.30647 6 49 255
0.77009 0.07362 0.43816 6 49 255
0.68734 0.06216 0.41438 6 49 255
0.54149 0.12649 0.35658 6 49 255
0.69251 0.19936 0.51190 6 49 255
0.89618 0.14982 0.45021 6 49 255
0.91658 0.28735 0.47493 6 49 255
0.52798 0.20364 0.09743 6 49 255
0.90494 0.32718 0.02159 6 49 255
0.81014 0.17369 0.50195 6 49 255
0.57685 0.28886 0.46987 6 49 255
0.60234 0.04752 0.19950 6 49 255
0.51930 0.36808 0.38198 6 49 255
0.52706 0.23688 0.41382 6 49 255
0.63380 0.46927 0.07949 6 49 255
0.74263 0.55990 0.25077 6 49 255
0.95523 0.37757 0.41358 6 49 255
0.47036 0.28674 0.26252 6 49 255
0.77523 0.19215 -0.01466 6 49 255
0.90335 0.19199 0.46711 6 49 255
0.57711 0.49985 0.26329 6 49 255
0.66177 0.53962 0.19333 6 49 255
0.61266 0.49621 0.13690 6 49 255
0.52609 0.31347 0.41475 6 49 255
0.68497 0.54265 0.32203 6 49 255
0.87527 0.51693 0.16892 6 49 255
0.90110 0.44021 0.42292 6 49 255
0.64277 0.02323 0.21881 6 49 255
0.69942 0.22325 -0.01948 6 49 255
0.63702 0.46562 0.42659 6 49 255
0.93975 0.32672 0.04947 6 49 255
0.85805 0.47233 0.07756 6 49 255
0.52283 0.32483 0.40743 6 49 255
0.60139 0.26381 0.01324 6 49 255
0.63319 0.38860 0.01986 6 49 255
0.65079 0.08009 0.08090 6 49 255
0.68584 0.19399 -0.00862 6 49 255
0.89495 0.51198 0.19021 6 49 255
1.01451 0.36681 0.22001 6 49 255
0.97892 0.19352 0.11392 6 49 255
0.83888 0.21438 0.50728 6 49 255
0.85452 0.06768 0.10036 6 49 255
0.51731 0.34376 0.10790 6 49 255
0.77711 0.00175 0.23442 6 49 255
0.96258 0.14741 0.37503 6 49 255
0.66582 0.54332 0.20552 6 49 255
0.93494 0.08274 0.32270 6 49 255
0.97367 0.26616 0.41787 6 49 255
0.70532 0.13228 0.48363 6 49 255
0.48631 0.29877 0.15771 6 49 255
0.51756 0.14468 0.17215 6 49 255
0.59831 0.06350 0.34228 6 49 255
1.02230 0.22587 0.28636 6 49 255
0.63906 0.52823 0.18311 6 49 255
0.72436 0.08914 0.45326 6 49 255
0.84919 0.14775 0.47599 6 49 255
0.56001 0.39222 0.07763 6 49 255
0.48291 0.21393 0.19807 6 49 255
0.56364 0.19006 0.06138 6 49 255
0.60675 0.48367 0.37805 6 49 255
0.80516 0.01461 0.32018 6 49 255
0.62792 0.51038 0.14791 6 49 255
0.88505 0.51593 0.18293 6 49 255
0.72600 0.31992 -0.02610 6 49 255
0.61036 0.52268 0.25197 6 49 255
0.81237 0.45519 0.45933 6 49 255
0.48798 0.25409 0.15474 6 49 255
0.54540 0.28714 0.44102 6 49 255
0.73868 0.55733 0.28691 6 49 255
0.55532 0.46559 0.17216 6 49 255
0.98277 0.23905 0.09987 6 49 255
0.95160 0.11303 0.15062 6 49 255
0.86664 0.37207 0.01269 6 49 255
0.83866 0.53218 0.33333 6 49 255
0.83517 0.08242 0.42918 6 49 255
0.78317 0.53881 0.35157 6 49 255
0.86649 0.47962 0.09194 6 49 255
0.72954 0.55920 0.25513 6 49 255
0.64978 0.09490 0.43465 6 49 255
0.62655 0.45843 0.07302 6 49 255
0.75666 0.44155 0.47860 6 49 255
0.99499 0.27307 0.38539 6 49 255
0.77592 0.55849 0.26300 6 49 255
0.48325 0.19499 0.25413 6 49 255
0.58779 0.48823 0.15657 6 49 255
0.90160 0.22163 0.02194 6 49 255
0.83576 0.14762 0.48135 6 49 255
0.94033 0.30728 0.45354 6 49 255
0.71202 0.12808 0.48211 6 49 255
0.65170 0.04467 0.13443 6 49 255
0.91733 0.09729 0.38046 6 49 255
1.00257 0.23374 0.13834 6 49 255
0.56717 0.44238 0.38640 6 49 255
0.66953 0.10840 0.04390 6 49 255
0.78177 0.21112 -0.01953 6 49 255
0.59259 0.23773 0.47768 6 49 255
0.99394 0.34258 0.12763 6 49 255
0.84315 0.18070 0.49467 6 49 255
0.81604 0.55123 0.27174 6 49 255
0.95755 0.20011 0.07988 6 49 255
0.98727 0.13468 0.21862 6 49 255
0.86550 0.41368 0.46723 6 49 255
0.96363 0.30004 0.42989 6 49 255
0.95641 0.09529 0.20903 6 49 255
0.90339 0.09506 0.39377 6 49 255
0.53868 0.36633 0.08786 6 49 255
0.78108 0.36980 0.51338 6 49 255
0.92073 0.48874 0.17462 6 49 255
0.57070 0.39136 0.06602 6 49 255
0.51225 0.32659 0.39038 6 49 255
0.65185 0.24210 -0.00948 6 49 255
1.02319 0.32037 0.20375 6 49 255
0.64735 0.50342 0.38397 6 49 255
0.57386 0.41329 0.42207 6 49 255
0.70449 0.52112 0.38488 6 49 255
0.60348 0.40318 0.04565 6 49 255
0.71235 0.00338 0.27153 6 49 255
0.94541 0.44021 0.37061 6 49 255
0.65479 0.45953 0.05738 6 49 255
0.69455 0.52649 0.37070 6 49 255
0.79367 0.04006 0.11245 6 49 255
0.95818 0.42186 0.37221 6 49 255
0.82410 0.53099 0.15043 6 49 255
0.77723 0.34505 -0.02097 6 49 255
0.69053 0.09033 0.05280 6 49 255
0.62160 0.03436 0.28969 6 49 255
0.64154 0.04899 0.36520 6 49 255
0.71638 0.03302 0.12243 6 49 255
0.69643 0.39188 -0.00103 6 49 255
0.64208 0.11554 0.44926 6 49 255
0.88568 0.44523 0.06920 6 49 255
0.97136 0.27868 0.07854 6 49 255
0.69840 0.34813 -0.01664 6 49 255
0.61093 0.39144 0.46596 6 49 255
0.91459 0.50539 0.27256 6 49 255
0.85873 0.07983 0.08718 6 49 255
1.02144 0.25965 0.31562 6 49 255
0.69120 0.31399 0.52164 6 49 255
0.74629 0.54768 0.16794 6 49 255
0.63641 0.50998 0.13773 6 49 255
0.52487 0.34717 0.09768 6 49 255
0.85751 0.53484 0.29358 6 49 255
0.92609 0.41370 0.42180 6 49 255
0.65882 0.45854 0.44548 6 49 255
0.60299 0.47938 0.38053 6 49 255
0.67441 0.40774 0.01258 6 49 255
0.93714 0.10183 0.35787 6 49 255
0.53048 0.42015 0.35281 6 49 255
1.01367 0.28309 0.34417 6 49 255
0.50263 0.27661 0.11886 6 49 255
0.52628 0.39506 0.37293 6 49 255
0.48995 0.20742 0.17580 6 49 255
0.55540 0.37863 0.07450 6 49 255
0.86844 0.49914 0.37786 6 49 255
0.54009 0.09954 0.20791 6 49 255
0.92389 0.33697 0.46193 6 49 255
0.74226 0.55665 0.29248 6 49 255
0.62070 0.37533 0.47933 6 49 255
0.95209 0.35586 0.07166 6 49 255
0.69367 0.00692 0.22441 6 49 255
0.71814 0.15527 0.00135 6 49 255
0.80752 0.00973 0.29520 6 49 255
0.90842 0.08354 0.37127 6 49 255
0.70420 0.00443 0.26901 6 49 255
0.63765 0.53535 0.22609 6 49 255
0.71898 0.07388 0.43696 6 49 255
0.90856 0.20064 0.03329 6 49 255
0.52010 0.37537 0.37826 6 49 255
0.52170 0.40336 0.35518 6 49 255
0.58991 0.49308 0.33585 6 49 255
0.86400 0.07614 0.09559 6 49 255
0.48443 0.21152 0.30643 6 49 255
0.71724 0.52586 0.12008 6 49 255
0.84621 0.50067 0.10701 6 49 255
0.56957 0.26633 0.03632 6 49 255
0.80207 0.03795 0.11923 6 49 255
0.72302 0.16556 0.50412 6 49 255
0.93921 0.18533 0.06660 6 49 255
0.76952 0.24218 0.52675 6 49 255
0.91476 0.25814 0.02466 6 49 255
0.77618 0.50819 0.41013 6 49 255
1.02726 0.24661 0.27029 6 49 255
0.79459 0.02831 0.36430 6 49 255
0.87720 0.25207 0.00213 6 49 255
0.56401 0.37216 0.43792 6 49 255
0.53000 0.40306 0.37187 6 49 255
0.60148 0.09123 0.39390 6 49 255
0.54357 0.12719 0.36151 6 49 255
0.58245 0.44354 0.09644 6 49 255
0.53772 0.17922 0.09775 6 49 255
0.68339 0.06223 0.41290 6 49 255
0.77996 0.52151 0.38848 6 49 255
0.47458 0.25926 0.20401 6 49 255
0.82940 0.09902 0.44835 6 49 255
0.65698 0.18718 0.49725 6 49 255
0.88866 0.08984 0.40170 6 49 255
0.96093 0.12628 0.14861 6 49 255
0.49813 0.38058 0.18040 6 49 255
0.52417 0.44544 0.25549 6 49 255
0.63922 0.03174 0.18295 6 49 255
0.87715 0.39019 0.47381 6 49 255
1.01870 0.26217 0.17330 6 49 255
0.57859 0.26384 0.47081 6 49 255
0.84147 0.24486 -0.01229 6 49 255
0.88423 0.23693 0.49192 6 49 255
0.48119 0.30988 0.32245 6 49 255
0.83268 0.08331 0.06868 6 49 255
0.88393 0.12169 0.43815 6 49 255
0.58742 0.50718 0.26894 6 49 255
0.95999 0.45961 0.20479 6 49 255
0.93032 0.06887 0.28614 6 49 255
0.71899 0.02777 0.36756 6 49 255
0.10555 0.33500 -0.82402 233 233 233
0.22136 0.19125 -0.70438 233 233 233
-0.07163 0.44696 -0.31718 233 233 233
0.15740 0.24262 -0.31476 233 233 233
-0.21291 0.36181 -0.45441 233 233 233
0.22668 0.55407 -0.62441 233 233 233
0.08682 0.61000 -0.45283 233 233 233
-0.15993 0.20117 -0.43963 233 233 233
-0.12874 0.50326 -0.70154 233 233 233
0.23952 0.54260 -0.47661 233 233 233
0.16316 0.50639 -0.75283 233 233 233
0.04294 0.56060 -0.73438 233 233 233
-0.17615 0.19041 -0.50771 233 233 233
0.26171 0.45423 -0.39929 233 233 233
-0.06861 0.56004 -0.40782 233 233 233
0.22437 0.56468 -0.50636 233 233 233
0.03738 0.28076 -0.27899 233 233 233
0.04654 0.44219 -0.28564 233 233 233
0.00945 0.08305 -0.62412 233 233 233
-0.01333 0.47408 -0.79289 233 233 233
-0.08299 0.59110 -0.49918 233 233 233
-0.21580 0.36480 -0.63680 233 233 233
0.03409 0.53001 -0.76388 233 233 233
0.19870 0.15050 -0.42160 233 233 233
0.12466 0.27775 -0.81001 233 233 233
-0.02098 0.16646 -0.35082 233 233 233
0.32501 0.37454 -0.50342 233 233 233
0.12436 0.51506 -0.33640 233 233 233
-0.21732 0.37841 -0.47168 233 233 233
-0.20779 0.29926 -0.64680 233 233 233
0.10952 0.36636 -0.27689 233 233 233
0.15126 0.60652 -0.50158 233 233 233
-0.03261 0.08247 -0.54934 233 233 233
0.16281 0.16967 -0.36791 233 233 233
0.28937 0.49357 -0.52783 233 233 233
-0.13373 0.20449 -0.70320 233 233 233
0.24049 0.39565 -0.34992 233 233 233
0.03870 0.08392 -0.46355 233 233 233
0.13371 0.40745 -0.28905 233 233 233
0.11497 0.24920 -0.80302 233 233 233
0.02135 0.58256 -0.70328 233 233 233
-0.11207 0.56173 -0.46454 233 233 233
0.28913 0.49544 -0.55806 233 233 233
-0.07319 0.36000 -0.80125 233 233 233
0.24611 0.27393 -0.73480 233 233 233
0.15640 0.58662 -0.65531 233 233 233
-0.00303 0.33096 -0.82427 233 233 233
-0.21440 0.26862 -0.59324 233 233 233
-0.22895 0.37103 -0.56200 233 233 233
0.11057 0.13909 -0.72392 233 233 233
0.27809 0.30766 -0.39321 233 233 233
0.25921 0.23949 -0.69973 233 233 233
-0.02232 0.52002 -0.33961 233 233 233
0.27324 0.19928 -0.47354 233 233 233
-0.14577 0.34512 -0.75013 233 233 233
-0.15417 0.51056 -0.65457 233 233 233
0.22721 0.26317 -0.74863 233 233 233
-0.13286 0.45659 -0.73331 233 233 233
0.09862 0.35723 -0.27435 233 233 233
0.00397 0.11290 -0.40836 233 233 233
-0.05540 0.53007 -0.73672 233 233 233
0.20692 0.34985 -0.78190 233 233 233
-0.11429 0.15435 -0.66458 233 233 233
-0.11399 0.16794 -0.68551 233 233 233
0.11622 0.09235 -0.63735 233 233 233
0.24725 0.43234 -0.73086 233 233 233
0.20288 0.33895 -0.31568 233 233 233
-0.02536 0.60347 -0.45794 233 233 233
-0.01825 0.43680 -0.29269 233 233 233
0.07720 0.13191 -0.72349 233 233 233
-0.11987 0.26137 -0.34582 233 233 233
-0.07623 0.10252 -0.58488 233 233 233
-0.13630 0.22185 -0.71514 233 233 233
-0.10113 0.40295 -0.32031 233 233 233
0.05374 0.10451 -0.41539 233 233 233
-0.21903 0.36481 -0.47381 233 233 233
0.15979 0.09927 -0.49100 233 233 233
-0.14676 0.53819 -0.48467 233 233 233
-0.00514 0.22143 -0.79255 233 233 233
0.25531 0.31809 -0.73770 233 233 233
0.23142 0.33050 -0.76238 233 233 233
-0.01986 0.40144 -0.81622 233 233 233
0.00232 0.30625 -0.27758 233 233 233
-0.19443 0.22995 -0.61512 233 233 233
-0.00876 0.21561 -0.31149 233 233 233
0.21603 0.27090 -0.76114 233 233 233
-0.10815 0.47723 -0.35713 233 233 233
-0.10513 0.47634 -0.35411 233 233 233
-0.15875 0.22301 -0.68674 233 233 233
-0.12413 0.55985 -0.48644 233 233 233
-0.19698 0.48058 -0.53125 233 233 233
-0.21053 0.26096 -0.60097 233 233 233
0.17245 0.41731 -0.30736 233 233 233
0.06400 0.43036 -0.28215 233 233 233
-0.10973 0.51990 -0.70498 233 233 233
-0.03752 0.14430 -0.71861 233 233 233
0.11017 0.58900 -0.41712 233 233 233
0.09209 0.20841 -0.78787 233 233 233
-0.05299 0.19988 -0.76273 233 233 233
-0.07000 0.53131 -0.37357 233 233 233
0.01840 0.49326 -0.78849 233 233 233
0.03679 0.45993 -0.80718 233 233 233
-0.00072 0.18789 -0.77259 233 233 233
0.15357 0.09013 -0.53819 233 233 233
-0.19768 0.47701 -0.58036 233 233 233
0.05914 0.61677 -0.46544 233 233 233
0.13937 0.55433 -0.38071 233 233 233
0.21165 0.19581 -0.38120 233 233 233
0.02416 0.27756 -0.81923 233 233 233
-0.12382 0.16849 -0.67345 233 233 233
0.26062 0.29335 -0.72558 233 233 233
0.12599 0.35664 -0.81941 233 233 233
0.01091 0.07604 -0.50738 233 233 233
0.11929 0.46871 -0.30606 233 233 233
-0.10632 0.35824 -0.31785 233 233 233
0.02093 0.30307 -0.27550 233 233 233
-0.20121 0.32886 -0.42815 233 233 233
0.06141 0.38805 -0.27283 233 233 233
0.13972 0.38072 -0.81345 233 233 233
0.19834 0.15252 -0.41811 233 233 233
0.15995 0.13936 -0.40187 233 233 233
-0.09048 0.35222 -0.30780 233 233 233
0.00381 0.16007 -0.34952 233 233 233
-0.02638 0.61058 -0.48171 233 233 233
0.22231 0.57033 -0.53712 233 233 233
0.23739 0.46838 -0.37891 233 233 233
0.14803 0.24912 -0.30790 233 233 233
0.20113 0.50726 -0.72558 233 233 233
-0.02356 0.08134 -0.52157 233 233 233
0.28073 0.48840 -0.47248 233 233 233
0.07073 0.17576 -0.33180 233 233 233
0.02824 0.61737 -0.46976 233 233 233
-0.19802 0.33413 -0.67898 233 233 233
-0.14295 0.50430 -0.68177 233 233 233
-0.03825 0.08794 -0.59401 233 233 233
-0.17947 0.49608 -0.48364 233 233 233
0.25598 0.39583 -0.36595 233 233 233
-0.03821 0.61574 -0.54984 233 233 233
-0.18986 0.47014 -0.63022 233 233 233
-0.09139 0.36283 -0.79134 233 233 233
0.30329 0.30680 -0.43874 233 233 233
-0.04040 0.08682 -0.51894 233 233 233
-0.06081 0.37458 -0.29404 233 233 233
-0.06396 0.12196 -0.43419 233 233 233
-0.12732 0.45483 -0.36035 233 233 233
-0.14412 0.27485 -0.73727 233 233 233
-0.18741 0.26770 -0.67354 233 233 233
-0.09876 0.41287 -0.77873 233 233 233
0.09638 0.62515 -0.52675 233 233 233
0.00987 0.07963 -0.61074 233 233 233
0.28036 0.44000 -0.68127 233 233 233
0.11361 0.17465 -0.34118 233 233 233
-0.08493 0.54467 -0.69933 233 233 233
0.12072 0.31341 -0.28156 233 233 233
0.31859 0.39248 -0.61673 233 233 233
0.06683 0.08387 -0.46462 233 233 233
-0.01748 0.56931 -0.71046 233 233 233
-0.08434 0.20601 -0.74905 233 233 233
-0.17520 0.22455 -0.65931 233 233 233
-0.18406 0.24336 -0.66065 233 233 233
-0.01639 0.11290 -0.41668 233 233 233
0.31091 0.24876 -0.54119 233 233 233
0.24017 0.15732 -0.62149 233 233 233
0.08549 0.55505 -0.73733 233 233 233
0.00057 0.08331 -0.48047 233 233 233
-0.14254 0.21848 -0.70502 233 233 233
0.28640 0.20001 -0.55391 233 233 233
0.15540 0.09226 -0.52065 233 233 233
0.08372 0.29618 -0.27730 233 233 233
0.05219 0.54698 -0.35102 233 233 233
0.25805 0.17745 -0.62307 233 233 233
-0.21458 0.29250 -0.62134 233 233 233
0.17004 0.11153 -0.63440 233 233 233
0.04664 0.22508 -0.29943 233 233 233
0.17843 0.51492 -0.73630 233 233 233
-0.17645 0.33044 -0.71351 233 233 233
0.32499 0.30983 -0.51585 233 233 233
-0.09160 0.37636 -0.30989 233 233 233
0.27425 0.44080 -0.40905 233 233 233
0.12265 0.38361 -0.81831 233 233 233
-0.05172 0.25917 -0.30546 233 233 233
-0.07724 0.10060 -0.55314 233 233 233
0.08496 0.19221 -0.32135 233 233 233
0.15182 0.18913 -0.34468 233 233 233
0.03762 0.07856 -0.61756 233 233 233
-0.15773 0.17350 -0.48601 233 233 233
-0.10297 0.25045 -0.33766 233 233 233
-0.09926 0.37874 -0.31485 233 233 233
0.25837 0.21264 -0.67693 233 233 233
0.18402 0.43043 -0.78231 233 233 233
0.29910 0.23966 -0.48539 233 233 233
0.16470 0.49592 -0.34036 233 233 233
0.02441 0.55427 -0.73979 233 233 233
0.18478 0.59534 -0.55656 233 233 233
-0.02322 0.44342 -0.80360 233 233 233
-0.05979 0.10687 -0.46493 233 233 233
-0.18168 0.19902 -0.59394 233 233 233
0.25498 0.53699 -0.58767 233 233 233
0.31204 0.27252 -0.61107 233 233 233
0.27829 0.24408 -0.67273 233 233 233
-0.03231 0.15751 -0.36406 233 233 233
0.04077 0.07189 -0.51883 233 233 233
-0.12655 0.14752 -0.47104 233 233 233
0.12115 0.12111 -0.69473 233 233 233
0.00838 0.61755 -0.62129 233 233 233
0.29354 0.48012 -0.50354 233 233 233
0.15704 0.57261 -0.41813 233 233 233
-0.08141 0.11885 -0.63775 233 233 233
-0.20781 0.41749 -0.63591 233 233 233
0.20927 0.12059 -0.52988 233 233 233
0.02733 0.52913 -0.76400 233 233 233
0.01012 0.07354 -0.53051 233 233 233
-0.15432 0.20382 -0.42637 233 233 233
0.11760 0.37430 -0.27937 233 233 233
-0.19780 0.22299 -0.52057 233 233 233
-0.09900 0.11470 -0.57889 233 233 233
-0.02183 0.24843 -0.29915 233 233 233
-0.10271 0.13154 -0.46425 233 233 233
0.22120 0.56114 -0.61717 233 233 233
-0.05970 0.22293 -0.77410 233 233 233
0.31843 0.29127 -0.60382 233 233 233
0.15026 0.60828 -0.50951 233 233 233
0.32530 0.39586 -0.57246 233 233 233
0.28293 0.28156 -0.68949 233 233 233
0.31186 0.32582 -0.45385 233 233 233
-0.04505 0.55609 -0.38601 233 233 233
0.08981 0.48148 -0.79399 233 233 233
0.14130 0.10323 -0.45425 233 233 233
-0.14917 0.17764 -0.45501 233 233 233
-0.12279 0.44425 -0.74915 233 233 233
0.23246 0.13883 -0.57267 233 233 233
-0.21930 0.42354 -0.52831 233 233 233
-0.22148 0.38219 -0.61053 233 233 233
0.27361 0.43587 -0.40500 233 233 233
0.17021 0.59633 -0.60722 233 233 233
-0.17828 0.29611 -0.39708 233 233 233
-0.11840 0.17794 -0.69297 233 233 233
0.25496 0.28215 -0.37171 233 233 233
-0.04592 0.51010 -0.34127 233 233 233
0.00582 0.47310 -0.30242 233 233 233
0.09205 0.13614 -0.72577 233 233 233
0.31090 0.45163 -0.55134 233 233 233
-0.00030 0.62510 -0.53612 233 233 233
0.01932 0.25706 -0.81234 233 233 233
-0.06190 0.57564 -0.67234 233 233 233
-0.04253 0.20313 -0.33030 233 233 233
0.30668 0.45894 -0.57549 233 233 233
-0.05252 0.09174 -0.51546 233 233 233
-0.18007 0.39456 -0.70324 233 233 233
-0.08513 0.48379 -0.75552 233 233 233
0.01590 0.62709 -0.57148 233 233 233
-0.18639 0.29541 -0.41021 233 233 233
-0.14395 0.15883 -0.48492 233 233 233
-0.18374 0.50267 -0.57137 233 233 233
-0.16745 0.23870 -0.41316 233 233 233
-0.01647 0.07979 -0.51892 233 233 233
-0.11044 0.29777 -0.77345 233 233 233
0.05711 0.17269 -0.76659 233 233 233
0.00064 0.35369 -0.82559 233 233 233
-0.05093 0.34895 -0.28883 233 233 233
0.03658 0.62942 -0.53803 233 233 233
0.31440 0.42674 -0.60103 233 233 233
0.17627 0.48961 -0.75728 233 233 233
-0.05310 0.40387 -0.29531 233 233 233
0.09771 0.48160 -0.30750 233 233 233
0.02707 0.16435 -0.34166 233 233 233
0.03327 0.60695 -0.65999 233 233 233
0.27944 0.18952 -0.55214 233 233 233
-0.20080 0.23189 -0.58937 233 233 233
-0.16082 0.48307 -0.67747 233 233 233
-0.05342 0.41313 -0.29758 233 233 233
0.08582 0.07277 -0.53392 233 233 233
0.22543 0.13803 -0.49812 233 233 233
0.22254 0.55463 -0.46781 233 233 233
0.09638 0.59246 -0.68214 233 233 233
0.31387 0.39077 -0.63433 233 233 233
-0.05328 0.20215 -0.76418 233 233 233
-0.15863 0.16358 -0.56091 233 233 233
-0.20801 0.25577 -0.49566 233 233 233
0.30354 0.28305 -0.64816 233 233 233
-0.00536 0.28507 -0.28332 233 233 233
-0.08692 0.44803 -0.77370 233 233 233
0.12006 0.09595 -0.45540 233 233 233
-0.07925 0.42280 -0.78748 233 233 233
0.31252 0.25461 -0.53039 233 233 233
0.25762 0.17823 -0.47391 233 233 233
0.32547 0.33801 -0.50131 233 233 233
0.27519 0.44166 -0.68889 233 233 233
-0.20700 0.46113 -0.54844 233 233 233
0.05903 0.60127 -0.67321 233 233 233
-0.07173 0.58505 -0.64128 233 233 233
-0.08920 0.59210 -0.52978 233 233 233
0.25270 0.27189 -0.72667 233 233 233
-0.14068 0.32012 -0.34715 233 233 233
0.01694 0.13698 -0.72868 233 233 233
0.04127 0.30305 -0.82590 233 233 233
0.21250 0.28067 -0.33278 233 233 233
0.28332 0.49880 -0.50731 233 233 233
0.29294 0.31976 -0.41411 233 233 233
0.27523 0.51575 -0.53587 233 233 233
-0.03386 0.54514 -0.73245 233 233 233
-0.08869 0.13205 -0.65799 233 233 233
-0.11275 0.27546 -0.33469 233 233 233
-0.07825 0.55495 -0.69124 233 233 233
-0.13537 0.37022 -0.75887 233 233 233
-0.10068 0.58291 -0.51191 233 233 233
0.14048 0.30130 -0.28954 233 233 233
0.24753 0.15158 -0.54629 233 233 233
0.06609 0.09560 -0.43416 233 233 233
-0.05924 0.60333 -0.50216 233 233 233
-0.19958 0.32322 -0.42594 233 233 233
-0.09437 0.29722 -0.31596 233 233 233
0.13579 0.10165 -0.64675 233 233 233
0.06437 0.53938 -0.34426 233 233 233
-0.05552 0.58408 -0.66167 233 233 233
0.24755 0.29477 -0.74058 233 233 233
-0.09784 0.22880 -0.75458 233 233 233
-0.16568 0.45819 -0.40795 233 233 233
0.31574 0.36521 -0.46310 233 233 233
0.01637 0.10845 -0.68755 233 233 233
-0.18310 0.50508 -0.54647 233 233 233
0.06712 0.18937 -0.32129 233 233 233
-0.05833 0.30503 -0.80425 233 233 233
0.32473 0.38758 -0.51114 233 233 233
0.02639 0.54721 -0.35264 233 233 233
0.24542 0.27124 -0.73441 233 233 233
0.20537 0.46022 -0.34479 233 233 233
0.05648 0.58400 -0.70364 233 233 233
0.27423 0.42625 -0.69935 233 233 233
0.12892 0.54918 -0.36972 233 233 233
0.28967 0.49389 -0.56596 233 233 233
0.15974 0.59173 -0.63903 233 233 233
0.15394 0.09514 -0.60139 233 233 233
0.02241 0.51277 -0.77616 233 233 233
0.07572 0.58679 -0.69720 233 233 233
0.14278 0.15648 -0.72984 233 233 233
0.12994 0.61363 -0.60008 233 233 233
0.04799 0.60202 -0.67200 233 233 233
0.15945 0.60133 -0.49295 233 233 233
-0.09097 0.52534 -0.38331 233 233 233
0.23553 0.36959 -0.34121 233 233 233
0.31892 0.37204 -0.62480 233 233 233
-0.08445 0.38084 -0.79366 233 233 233
-0.22447 0.35441 -0.60520 233 233 233
-0.16950 0.33379 -0.37691 233 233 233
-0.03570 0.57156 -0.40178 233 233 233
0.04033 0.09425 -0.66357 233 233 233
-0.07285 0.19224 -0.35399 233 233 233
0.06352 0.40054 -0.27493 233 233 233
-0.11092 0.25048 -0.75640 233 233 233
0.12773 0.42805 -0.80742 233 233 233
0.05040 0.19015 -0.77989 233 233 233
0.07012 0.11837 -0.70602 233 233 233
-0.05326 0.58348 -0.66501 233 233 233
0.31298 0.44242 -0.57650 233 233 233
0.19471 0.31275 -0.78679 233 233 233
-0.10715 0.46141 -0.75321 233 233 233
-0.09168 0.14641 -0.67992 233 233 233
-0.22120 0.35800 -0.48082 233 233 233
-0.15596 0.30489 -0.73424 233 233 233
0.24342 0.49618 -0.69007 233 233 233
0.18931 0.10767 -0.56649 233 233 233
-0.00886 0.20084 -0.77954 233 233 233
0.12614 0.08209 -0.52124 233 233 233
-0.02070 0.61066 -0.62388 233 233 233
0.27991 0.48866 -0.62947 233 233 233
0.25408 0.17896 -0.63658 233 233 233
0.15697 0.29720 -0.80332 233 233 233
0.31663 0.26767 -0.57299 233 233 233
-0.07561 0.20430 -0.75346 233 233 233
-0.06804 0.22418 -0.32946 233 233 233
0.18237 0.10596 -0.51359 233 233 233
0.27312 0.24790 -0.41511 233 233 233
0.04381 0.46819 -0.29624 233 233 233
0.21210 0.54078 -0.42460 233 233 233
0.25331 0.53707 -0.50451 233 233 233
0.15312 0.09251 -0.58824 233 233 233
0.01598 0.16154 -0.75426 233 233 233
0.07073 0.58708 -0.40248 233 233 233
-0.21554 0.28452 -0.48999 233 233 233
0.15954 0.43029 -0.79486 233 233 233
0.14384 0.19426 -0.76293 233 233 233
0.25139 0.20346 -0.42206 233 233 233
-0.00995 0.09167 -0.63984 233 233 233
-0.05381 0.14496 -0.39005 233 233 233
0.00282 0.58565 -0.69368 233 233 233
-0.12477 0.46515 -0.73600 233 233 233
-0.05792 0.35187 -0.29164 233 233 233
0.23963 0.17082 -0.65165 233 233 233
0.01861 0.59470 -0.68242 233 233 233
0.15552 0.18492 -0.75003 233 233 233
-0.11728 0.57438 -0.55824 233 233 233
-0.22953 0.35413 -0.53428 233 233 233
0.21969 0.29487 -0.33421 233 233 233
-0.17476 0.20248 -0.62825 233 233 233
0.24367 0.55217 -0.55433 233 233 233
-0.19359 0.47128 -0.48400 233 233 233
-0.20912 0.44756 -0.50829 233 233 233
-0.13606 0.44116 -0.73834 233 233 233
-0.13697 0.25407 -0.73503 233 233 233
